product_id,product_name,category,affiliate_url,source_file,used_pages,duplicate_count,is_affiliate,site,status,notes
harim-chicken-protein-savory-240,하림 닭가슴살 프로틴 (고소한맛),drink,https://link.coupang.com/a/e8MEah671E,app/data/drinkProductsData.json,/drinks | /product/harim-chicken-protein-savory-240 | /compare | ProductCard | ProductDetailPurchaseActions | CompareTable | GuideBuySection (top 4 only),0,TRUE,UNKNOWN,STATIC_AFFILIATE_LINK,Direct link.coupang.com link is used as-is; ownership/site cannot be inferred from code.
labnosh-protein-max-choco-400,랩노쉬 프로틴 드링크 맥스 (초코),drink,https://link.coupang.com/a/e8MFh5asjA,app/data/drinkProductsData.json,/drinks | /product/labnosh-protein-max-choco-400 | /compare | ProductCard | ProductDetailPurchaseActions | CompareTable | GuideBuySection (top 4 only),0,TRUE,UNKNOWN,STATIC_AFFILIATE_LINK,Direct link.coupang.com link is used as-is; ownership/site cannot be inferred from code.
labnosh-protein-max-strawberry-400,랩노쉬 프로틴 드링크 맥스 (딸기),drink,https://link.coupang.com/a/e8MF9zHF5o,app/data/drinkProductsData.json,/drinks | /product/labnosh-protein-max-strawberry-400 | /compare | ProductCard | ProductDetailPurchaseActions | CompareTable | GuideBuySection (top 4 only),0,TRUE,UNKNOWN,STATIC_AFFILIATE_LINK,Direct link.coupang.com link is used as-is; ownership/site cannot be inferred from code.
newcare-all-protein-choco-245,뉴케어 올프로틴 (초콜릿),drink,https://link.coupang.com/a/e8MJ6pkgtV,app/data/drinkProductsData.json,/drinks | /product/newcare-all-protein-choco-245 | /compare | ProductCard | ProductDetailPurchaseActions | CompareTable | GuideBuySection (top 4 only),0,TRUE,UNKNOWN,STATIC_AFFILIATE_LINK,Direct link.coupang.com link is used as-is; ownership/site cannot be inferred from code.
newcare-all-protein-banana-245,뉴케어 올프로틴 (바나나),drink,https://link.coupang.com/a/e8MLDK6g1c,app/data/drinkProductsData.json,/drinks | /product/newcare-all-protein-banana-245 | /compare | ProductCard | ProductDetailPurchaseActions | CompareTable | GuideBuySection (top 4 only),0,TRUE,UNKNOWN,STATIC_AFFILIATE_LINK,Direct link.coupang.com link is used as-is; ownership/site cannot be inferred from code.
newcare-all-protein-savory-245,뉴케어 올프로틴 (고소한맛),drink,https://link.coupang.com/a/e8MPMNp7tc,app/data/drinkProductsData.json,/drinks | /product/newcare-all-protein-savory-245 | /compare | ProductCard | ProductDetailPurchaseActions | CompareTable | GuideBuySection (top 4 only),0,TRUE,UNKNOWN,STATIC_AFFILIATE_LINK,Direct link.coupang.com link is used as-is; ownership/site cannot be inferred from code.
newcare-all-protein-plant-savory-250,뉴케어 올프로틴 식물성단백질 (고소한맛),drink,https://link.coupang.com/a/e8MOjG199o,app/data/drinkProductsData.json,/drinks | /product/newcare-all-protein-plant-savory-250 | /compare | ProductCard | ProductDetailPurchaseActions | CompareTable | GuideBuySection (top 4 only),0,TRUE,UNKNOWN,STATIC_AFFILIATE_LINK,Direct link.coupang.com link is used as-is; ownership/site cannot be inferred from code.
danbaek-drink-coffee-250,더단백 더단백 드링크 (커피),drink,https://link.coupang.com/a/e8MQn8PKHA,app/data/drinkProductsData.json,/drinks | /product/danbaek-drink-coffee-250 | /compare | ProductCard | ProductDetailPurchaseActions | CompareTable | GuideBuySection (top 4 only),0,TRUE,UNKNOWN,STATIC_AFFILIATE_LINK,Direct link.coupang.com link is used as-is; ownership/site cannot be inferred from code.
oneuldanbaek-choco-latte-250,오늘단백 오늘단백 (초코라떼),drink,,app/data/drinkProductsData.json,/drinks | /product/oneuldanbaek-choco-latte-250 | /compare | ProductCard | ProductDetailPurchaseActions | CompareTable,0,FALSE,UNKNOWN,MISSING_RAW_URL,No raw Coupang URL in product data.
sellex-profit-milk-vanilla-250,셀렉스 프로핏 (밀크 바닐라),drink,https://link.coupang.com/a/e8MRblZJls,app/data/drinkProductsData.json,/drinks | /product/sellex-profit-milk-vanilla-250 | /compare | ProductCard | ProductDetailPurchaseActions | CompareTable | GuideBuySection (top 4 only),0,TRUE,UNKNOWN,STATIC_AFFILIATE_LINK,Direct link.coupang.com link is used as-is; ownership/site cannot be inferred from code.
sellex-profit-mocha-chocolate-250,셀렉스 프로핏 (모카 초콜릿),drink,https://link.coupang.com/a/e8MRZ5k8bY,app/data/drinkProductsData.json,/drinks | /product/sellex-profit-mocha-chocolate-250 | /compare | ProductCard | ProductDetailPurchaseActions | CompareTable | GuideBuySection (top 4 only),0,TRUE,UNKNOWN,STATIC_AFFILIATE_LINK,Direct link.coupang.com link is used as-is; ownership/site cannot be inferred from code.
sellex-profit-banana-250,셀렉스 프로핏 (바나나),drink,https://link.coupang.com/a/e8MSIticfs,app/data/drinkProductsData.json,/drinks | /product/sellex-profit-banana-250 | /compare | ProductCard | ProductDetailPurchaseActions | CompareTable | GuideBuySection (top 4 only),0,TRUE,UNKNOWN,STATIC_AFFILIATE_LINK,Direct link.coupang.com link is used as-is; ownership/site cannot be inferred from code.
danbaek-water-apple-400,더단백 더단백 워터 프로틴 (청사과),drink,https://link.coupang.com/a/e8MTsQ0m04,app/data/drinkProductsData.json,/drinks | /product/danbaek-water-apple-400 | /compare | ProductCard | ProductDetailPurchaseActions | CompareTable | GuideBuySection (top 4 only),0,TRUE,UNKNOWN,STATIC_AFFILIATE_LINK,Direct link.coupang.com link is used as-is; ownership/site cannot be inferred from code.
hymune-balance-active-milkshake-deepchoco-250,하이뮨 프로틴 밸런스 액티브 (밀크쉐이크),drink,https://link.coupang.com/a/e8MVlhWS1Q,app/data/drinkProductsData.json,/drinks | /product/hymune-balance-active-milkshake-deepchoco-250 | /compare | ProductCard | ProductDetailPurchaseActions | CompareTable | GuideBuySection (top 4 only),0,TRUE,UNKNOWN,STATIC_AFFILIATE_LINK,Direct link.coupang.com link is used as-is; ownership/site cannot be inferred from code.
danbaek-water-peach-250,더단백 더단백 워터 프로틴 (복숭아),drink,https://link.coupang.com/a/e8MWnNZ4yy,app/data/drinkProductsData.json,/drinks | /product/danbaek-water-peach-250 | /compare | ProductCard | ProductDetailPurchaseActions | CompareTable | GuideBuySection (top 4 only),0,TRUE,UNKNOWN,STATIC_AFFILIATE_LINK,Direct link.coupang.com link is used as-is; ownership/site cannot be inferred from code.
hymune-balance-active-deepchoco-250,하이뮨 프로틴 밸런스 액티브 (딥초코),drink,https://link.coupang.com/a/e8MW0aWHVA,app/data/drinkProductsData.json,/drinks | /product/hymune-balance-active-deepchoco-250 | /compare | ProductCard | ProductDetailPurchaseActions | CompareTable | GuideBuySection (top 4 only),0,TRUE,UNKNOWN,STATIC_AFFILIATE_LINK,Direct link.coupang.com link is used as-is; ownership/site cannot be inferred from code.
hymune-balance-active-darkchoco-330,하이뮨 프로틴 밸런스 액티브 (다크초코),drink,https://link.coupang.com/a/e8MZdFDFvg,app/data/drinkProductsData.json,/drinks | /product/hymune-balance-active-darkchoco-330 | /compare | ProductCard | ProductDetailPurchaseActions | CompareTable | GuideBuySection (top 4 only),0,TRUE,UNKNOWN,STATIC_AFFILIATE_LINK,Direct link.coupang.com link is used as-is; ownership/site cannot be inferred from code.
hymune-ultra-400,하이뮨 하이뮨 울트라,drink,https://link.coupang.com/a/e8M0byZ67g,app/data/drinkProductsData.json,/drinks | /product/hymune-ultra-400 | /compare | ProductCard | ProductDetailPurchaseActions | CompareTable | GuideBuySection (top 4 only),0,TRUE,UNKNOWN,STATIC_AFFILIATE_LINK,Direct link.coupang.com link is used as-is; ownership/site cannot be inferred from code.
mymil-furotein-choco-250,마이밀 퓨로틴 (초코맛),drink,https://link.coupang.com/a/e8M4zXY6Oi,app/data/drinkProductsData.json,/drinks | /product/mymil-furotein-choco-250 | /compare | ProductCard | ProductDetailPurchaseActions | CompareTable | GuideBuySection (top 4 only),0,TRUE,UNKNOWN,STATIC_AFFILIATE_LINK,Direct link.coupang.com link is used as-is; ownership/site cannot be inferred from code.
mymil-furotein-gosohan-250,마이밀 퓨로틴 (고소한맛),drink,,app/data/drinkProductsData.json,/drinks | /product/mymil-furotein-gosohan-250 | /compare | ProductCard | ProductDetailPurchaseActions | CompareTable,0,FALSE,UNKNOWN,MISSING_RAW_URL,No raw Coupang URL in product data.
mymil-furotein-goguma-250,마이밀 퓨로틴 (고구마맛),drink,,app/data/drinkProductsData.json,/drinks | /product/mymil-furotein-goguma-250 | /compare | ProductCard | ProductDetailPurchaseActions | CompareTable,0,FALSE,UNKNOWN,MISSING_RAW_URL,No raw Coupang URL in product data.
ultive-protein-chestnut-250,얼티브 프로틴 (맛밤),drink,https://link.coupang.com/a/e8M3xdZDu8,app/data/drinkProductsData.json,/drinks | /product/ultive-protein-chestnut-250 | /compare | ProductCard | ProductDetailPurchaseActions | CompareTable | GuideBuySection (top 4 only),0,TRUE,UNKNOWN,STATIC_AFFILIATE_LINK,Direct link.coupang.com link is used as-is; ownership/site cannot be inferred from code.
ultive-protein-rice-250,얼티브 프로틴 (햇반),drink,https://link.coupang.com/a/e8M5iPJ3wy,app/data/drinkProductsData.json,/drinks | /product/ultive-protein-rice-250 | /compare | ProductCard | ProductDetailPurchaseActions | CompareTable | GuideBuySection (top 4 only),0,TRUE,UNKNOWN,STATIC_AFFILIATE_LINK,Direct link.coupang.com link is used as-is; ownership/site cannot be inferred from code.
ultive-protein-pistachio-250,얼티브 프로틴 (피스타치오맛),drink,https://link.coupang.com/a/e8M56sF71w,app/data/drinkProductsData.json,/drinks | /product/ultive-protein-pistachio-250 | /compare | ProductCard | ProductDetailPurchaseActions | CompareTable | GuideBuySection (top 4 only),0,TRUE,UNKNOWN,STATIC_AFFILIATE_LINK,Direct link.coupang.com link is used as-is; ownership/site cannot be inferred from code.
ultive-protein-royalmilktea-250,얼티브 프로틴 (로얄밀크티향),drink,https://link.coupang.com/a/e8M6FyYyPI,app/data/drinkProductsData.json,/drinks | /product/ultive-protein-royalmilktea-250 | /compare | ProductCard | ProductDetailPurchaseActions | CompareTable | GuideBuySection (top 4 only),0,TRUE,UNKNOWN,STATIC_AFFILIATE_LINK,Direct link.coupang.com link is used as-is; ownership/site cannot be inferred from code.
ultive-vegan-protein-banana-250,얼티브 비건 프로틴 (바나나맛),drink,https://link.coupang.com/a/e8M7yslwDA,app/data/drinkProductsData.json,/drinks | /product/ultive-vegan-protein-banana-250 | /compare | ProductCard | ProductDetailPurchaseActions | CompareTable | GuideBuySection (top 4 only),0,TRUE,UNKNOWN,STATIC_AFFILIATE_LINK,Direct link.coupang.com link is used as-is; ownership/site cannot be inferred from code.
ultive-vegan-protein-choco-250,얼티브 비건 프로틴 (초코맛),drink,https://link.coupang.com/a/e8M81wsGUS,app/data/drinkProductsData.json,/drinks | /product/ultive-vegan-protein-choco-250 | /compare | ProductCard | ProductDetailPurchaseActions | CompareTable | GuideBuySection (top 4 only),0,TRUE,UNKNOWN,STATIC_AFFILIATE_LINK,Direct link.coupang.com link is used as-is; ownership/site cannot be inferred from code.
hymune-balance-active-night-tiramisu-zero-250,하이뮨 프로틴 밸런스 액티브 (밤티라미수),drink,https://link.coupang.com/a/e8NagPSQsm,app/data/drinkProductsData.json,/drinks | /product/hymune-balance-active-night-tiramisu-zero-250 | /compare | ProductCard | ProductDetailPurchaseActions | CompareTable | GuideBuySection (top 4 only),0,TRUE,UNKNOWN,STATIC_AFFILIATE_LINK,Direct link.coupang.com link is used as-is; ownership/site cannot be inferred from code.
hymune-balance-active-vanilla-bonbon-zero-250,하이뮨 프로틴 밸런스 액티브 (바닐라봉봉),drink,https://link.coupang.com/a/e8NbnRyykK,app/data/drinkProductsData.json,/drinks | /product/hymune-balance-active-vanilla-bonbon-zero-250 | /compare | ProductCard | ProductDetailPurchaseActions | CompareTable | GuideBuySection (top 4 only),0,TRUE,UNKNOWN,STATIC_AFFILIATE_LINK,Direct link.coupang.com link is used as-is; ownership/site cannot be inferred from code.
hymune-balance-active-double-shot-coffee-250,하이뮨 프로틴 밸런스 액티브 (더블샷 커피),drink,https://link.coupang.com/a/e8Nce1m3BQ,app/data/drinkProductsData.json,/drinks | /product/hymune-balance-active-double-shot-coffee-250 | /compare | ProductCard | ProductDetailPurchaseActions | CompareTable | GuideBuySection (top 4 only),0,TRUE,UNKNOWN,STATIC_AFFILIATE_LINK,Direct link.coupang.com link is used as-is; ownership/site cannot be inferred from code.
sellex-profit-whey-protein-americano-330,셀렉스 프로틴 웨이프로핏 (아메리카노),drink,,app/data/drinkProductsData.json,/drinks | /product/sellex-profit-whey-protein-americano-330 | /compare | ProductCard | ProductDetailPurchaseActions | CompareTable,0,FALSE,UNKNOWN,MISSING_RAW_URL,No raw Coupang URL in product data.
sellex-profit-strawberry-choco-250,셀렉스 프로핏 (딸기초코),drink,https://link.coupang.com/a/e8NdkFP4Vx,app/data/drinkProductsData.json,/drinks | /product/sellex-profit-strawberry-choco-250 | /compare | ProductCard | ProductDetailPurchaseActions | CompareTable | GuideBuySection (top 4 only),0,TRUE,UNKNOWN,STATIC_AFFILIATE_LINK,Direct link.coupang.com link is used as-is; ownership/site cannot be inferred from code.
sellex-profit-sports-choco-330,셀렉스 프로핏 스포츠 (초콜릿),drink,https://link.coupang.com/a/e8NeaakAQ8,app/data/drinkProductsData.json,/drinks | /product/sellex-profit-sports-choco-330 | /compare | ProductCard | ProductDetailPurchaseActions | CompareTable | GuideBuySection (top 4 only),0,TRUE,UNKNOWN,STATIC_AFFILIATE_LINK,Direct link.coupang.com link is used as-is; ownership/site cannot be inferred from code.
sellex-profit-sports-coconut-330,셀렉스 프로핏 스포츠 (코코넛),drink,https://link.coupang.com/a/e8NeQAxnk4,app/data/drinkProductsData.json,/drinks | /product/sellex-profit-sports-coconut-330 | /compare | ProductCard | ProductDetailPurchaseActions | CompareTable | GuideBuySection (top 4 only),0,TRUE,UNKNOWN,STATIC_AFFILIATE_LINK,Direct link.coupang.com link is used as-is; ownership/site cannot be inferred from code.
sellex-profit-sports-wildchoco-350,셀렉스 프로핏 스포츠 와일드 초코,drink,https://link.coupang.com/a/e8NhOmVFuK,app/data/drinkProductsData.json,/drinks | /product/sellex-profit-sports-wildchoco-350 | /compare | ProductCard | ProductDetailPurchaseActions | CompareTable | GuideBuySection (top 4 only),0,TRUE,UNKNOWN,STATIC_AFFILIATE_LINK,Direct link.coupang.com link is used as-is; ownership/site cannot be inferred from code.
calobye-sparkling-grape-340,칼로바이 프로틴 스파클링 (포도),drink,https://link.coupang.com/a/e8Ng7euJa0,app/data/drinkProductsData.json,/drinks | /product/calobye-sparkling-grape-340 | /compare | ProductCard | ProductDetailPurchaseActions | CompareTable | GuideBuySection (top 4 only),0,TRUE,UNKNOWN,STATIC_AFFILIATE_LINK,Direct link.coupang.com link is used as-is; ownership/site cannot be inferred from code.
calobye-sparkling-pinkgrapefruit-340,칼로바이 프로틴 스파클링 (핑크자몽),drink,https://link.coupang.com/a/e8NiwzgGZg,app/data/drinkProductsData.json,/drinks | /product/calobye-sparkling-pinkgrapefruit-340 | /compare | ProductCard | ProductDetailPurchaseActions | CompareTable | GuideBuySection (top 4 only),0,TRUE,UNKNOWN,STATIC_AFFILIATE_LINK,Direct link.coupang.com link is used as-is; ownership/site cannot be inferred from code.
takefit-pro-lemon-500,테이크핏 테이크핏 프로 (레몬맛),drink,https://link.coupang.com/a/e8Ni86qS2C,app/data/drinkProductsData.json,/drinks | /product/takefit-pro-lemon-500 | /compare | ProductCard | ProductDetailPurchaseActions | CompareTable | GuideBuySection (top 4 only),0,TRUE,UNKNOWN,STATIC_AFFILIATE_LINK,Direct link.coupang.com link is used as-is; ownership/site cannot be inferred from code.
takefit-pro-flatpeach-500,테이크핏 테이크핏 프로 (납작복숭아맛),drink,https://link.coupang.com/a/e8Nkjk3Tky,app/data/drinkProductsData.json,/drinks | /product/takefit-pro-flatpeach-500 | /compare | ProductCard | ProductDetailPurchaseActions | CompareTable | GuideBuySection (top 4 only),0,TRUE,UNKNOWN,STATIC_AFFILIATE_LINK,Direct link.coupang.com link is used as-is; ownership/site cannot be inferred from code.
takefit-pro-shinemuscato-500,테이크핏 테이크핏 프로 (샤인머스캣맛),drink,https://link.coupang.com/a/e8Nk5zvlmK,app/data/drinkProductsData.json,/drinks | /product/takefit-pro-shinemuscato-500 | /compare | ProductCard | ProductDetailPurchaseActions | CompareTable | GuideBuySection (top 4 only),0,TRUE,UNKNOWN,STATIC_AFFILIATE_LINK,Direct link.coupang.com link is used as-is; ownership/site cannot be inferred from code.
newcare-olprotein-water-lemon-350,뉴케어 올프로틴 워터 (레몬),drink,https://link.coupang.com/a/e8NlDmSv4C,app/data/drinkProductsData.json,/drinks | /product/newcare-olprotein-water-lemon-350 | /compare | ProductCard | ProductDetailPurchaseActions | CompareTable | GuideBuySection (top 4 only),0,TRUE,UNKNOWN,STATIC_AFFILIATE_LINK,Direct link.coupang.com link is used as-is; ownership/site cannot be inferred from code.
newcare-olprotein-water-apple-350,뉴케어 올프로틴 워터 (사과),drink,https://link.coupang.com/a/e8NmhcH0km,app/data/drinkProductsData.json,/drinks | /product/newcare-olprotein-water-apple-350 | /compare | ProductCard | ProductDetailPurchaseActions | CompareTable | GuideBuySection (top 4 only),0,TRUE,UNKNOWN,STATIC_AFFILIATE_LINK,Direct link.coupang.com link is used as-is; ownership/site cannot be inferred from code.
oatmont-protein-savory-250,오트몬드 프로틴 (고소한맛),drink,https://link.coupang.com/a/e8Nn27XAES,app/data/drinkProductsData.json,/drinks | /product/oatmont-protein-savory-250 | /compare | ProductCard | ProductDetailPurchaseActions | CompareTable | GuideBuySection (top 4 only),0,TRUE,UNKNOWN,STATIC_AFFILIATE_LINK,Direct link.coupang.com link is used as-is; ownership/site cannot be inferred from code.
oatmont-protein-choco-250,오트몬드 프로틴 (초콜릿),drink,https://link.coupang.com/a/e8NoP5tVEP,app/data/drinkProductsData.json,/drinks | /product/oatmont-protein-choco-250 | /compare | ProductCard | ProductDetailPurchaseActions | CompareTable | GuideBuySection (top 4 only),0,TRUE,UNKNOWN,STATIC_AFFILIATE_LINK,Direct link.coupang.com link is used as-is; ownership/site cannot be inferred from code.
oatmont-protein-cookiecream-250,오트몬드 프로틴 (쿠키앤크림),drink,https://link.coupang.com/a/e8NpFXg31o,app/data/drinkProductsData.json,/drinks | /product/oatmont-protein-cookiecream-250 | /compare | ProductCard | ProductDetailPurchaseActions | CompareTable | GuideBuySection (top 4 only),0,TRUE,UNKNOWN,STATIC_AFFILIATE_LINK,Direct link.coupang.com link is used as-is; ownership/site cannot be inferred from code.
hymune-protein-balance-plant-highprotein-190,하이뮨 프로틴 밸런스 (식물성 고단백),drink,https://link.coupang.com/a/e8NrCG2wiO,app/data/drinkProductsData.json,/drinks | /product/hymune-protein-balance-plant-highprotein-190 | /compare | ProductCard | ProductDetailPurchaseActions | CompareTable | GuideBuySection (top 4 only),0,TRUE,UNKNOWN,STATIC_AFFILIATE_LINK,Direct link.coupang.com link is used as-is; ownership/site cannot be inferred from code.
hymune-balance-active-plant-protein-250,하이뮨 프로틴 밸런스 액티브 (식물성 단백질),drink,https://link.coupang.com/a/e8NsswvP5w,app/data/drinkProductsData.json,/drinks | /product/hymune-balance-active-plant-protein-250 | /compare | ProductCard | ProductDetailPurchaseActions | CompareTable | GuideBuySection (top 4 only),0,TRUE,UNKNOWN,STATIC_AFFILIATE_LINK,Direct link.coupang.com link is used as-is; ownership/site cannot be inferred from code.
danbaek-drink-banana-250,더단백 더단백 드링크 (바나나),drink,https://link.coupang.com/a/e8Ns5uFrgG,app/data/drinkProductsData.json,/drinks | /product/danbaek-drink-banana-250 | /compare | ProductCard | ProductDetailPurchaseActions | CompareTable | GuideBuySection (top 4 only),0,TRUE,UNKNOWN,STATIC_AFFILIATE_LINK,Direct link.coupang.com link is used as-is; ownership/site cannot be inferred from code.
danbaek-drink-milktea-250,더단백 더단백 드링크 (밀크티),drink,https://link.coupang.com/a/e8NtIaGllQ,app/data/drinkProductsData.json,/drinks | /product/danbaek-drink-milktea-250 | /compare | ProductCard | ProductDetailPurchaseActions | CompareTable | GuideBuySection (top 4 only),0,TRUE,UNKNOWN,STATIC_AFFILIATE_LINK,Direct link.coupang.com link is used as-is; ownership/site cannot be inferred from code.
danbaek-drink-strawberry-250,더단백 더단백 드링크 (딸기),drink,https://link.coupang.com/a/e8Nuhh7aGi,app/data/drinkProductsData.json,/drinks | /product/danbaek-drink-strawberry-250 | /compare | ProductCard | ProductDetailPurchaseActions | CompareTable | GuideBuySection (top 4 only),0,TRUE,UNKNOWN,STATIC_AFFILIATE_LINK,Direct link.coupang.com link is used as-is; ownership/site cannot be inferred from code.
takefit-max-goso-250,테이크핏 테이크핏 맥스 (고소한맛),drink,https://link.coupang.com/a/e8Nve93CDY,app/data/drinkProductsData.json,/drinks | /product/takefit-max-goso-250 | /compare | ProductCard | ProductDetailPurchaseActions | CompareTable | GuideBuySection (top 4 only),0,TRUE,UNKNOWN,STATIC_AFFILIATE_LINK,Direct link.coupang.com link is used as-is; ownership/site cannot be inferred from code.
takefit-max-choco-250,테이크핏 테이크핏 맥스 (초코맛),drink,https://link.coupang.com/a/e8Nv18aYQS,app/data/drinkProductsData.json,/drinks | /product/takefit-max-choco-250 | /compare | ProductCard | ProductDetailPurchaseActions | CompareTable | GuideBuySection (top 4 only),0,TRUE,UNKNOWN,STATIC_AFFILIATE_LINK,Direct link.coupang.com link is used as-is; ownership/site cannot be inferred from code.
takefit-max-banana-250,테이크핏 테이크핏 맥스 (바나나),drink,https://link.coupang.com/a/e8NwzcXuUu,app/data/drinkProductsData.json,/drinks | /product/takefit-max-banana-250 | /compare | ProductCard | ProductDetailPurchaseActions | CompareTable | GuideBuySection (top 4 only),0,TRUE,UNKNOWN,STATIC_AFFILIATE_LINK,Direct link.coupang.com link is used as-is; ownership/site cannot be inferred from code.
takefit-max-pumpkin-250,테이크핏 테이크핏 맥스 (호박고구마),drink,https://link.coupang.com/a/e8NxkHoenQ,app/data/drinkProductsData.json,/drinks | /product/takefit-max-pumpkin-250 | /compare | ProductCard | ProductDetailPurchaseActions | CompareTable | GuideBuySection (top 4 only),0,TRUE,UNKNOWN,STATIC_AFFILIATE_LINK,Direct link.coupang.com link is used as-is; ownership/site cannot be inferred from code.
newcare-all-protein-41g,뉴케어 올프로틴 41g (초코맛),drink,https://link.coupang.com/a/e8NyraGXKK,app/data/drinkProductsData.json,/drinks | /product/newcare-all-protein-41g | /compare | ProductCard | ProductDetailPurchaseActions | CompareTable | GuideBuySection (top 4 only),0,TRUE,UNKNOWN,STATIC_AFFILIATE_LINK,Direct link.coupang.com link is used as-is; ownership/site cannot be inferred from code.
newcare-all-protein-41g-coffee-350,뉴케어 올프로틴 41g (커피우유맛),drink,https://link.coupang.com/a/e8NCVm177s,app/data/drinkProductsData.json,/drinks | /product/newcare-all-protein-41g-coffee-350 | /compare | ProductCard | ProductDetailPurchaseActions | CompareTable | GuideBuySection (top 4 only),0,TRUE,UNKNOWN,STATIC_AFFILIATE_LINK,Direct link.coupang.com link is used as-is; ownership/site cannot be inferred from code.
newcare-all-protein-41g-savory-350,뉴케어 올프로틴 41g (고소한맛),drink,https://link.coupang.com/a/e8NAL6Css8,app/data/drinkProductsData.json,/drinks | /product/newcare-all-protein-41g-savory-350 | /compare | ProductCard | ProductDetailPurchaseActions | CompareTable | GuideBuySection (top 4 only),0,TRUE,UNKNOWN,STATIC_AFFILIATE_LINK,Direct link.coupang.com link is used as-is; ownership/site cannot be inferred from code.
danbaek-drink-chocolate-250,더단백 더단백 드링크 (초콜릿),drink,https://link.coupang.com/a/e8ND9sDGrk,app/data/drinkProductsData.json,/drinks | /product/danbaek-drink-chocolate-250 | /compare | ProductCard | ProductDetailPurchaseActions | CompareTable | GuideBuySection (top 4 only),0,TRUE,UNKNOWN,STATIC_AFFILIATE_LINK,Direct link.coupang.com link is used as-is; ownership/site cannot be inferred from code.
7eleven-junghoo-choco-protein-330,세븐일레븐 이정후 프로틴 (초콜릿),drink,,app/data/drinkProductsData.json,/drinks | /product/7eleven-junghoo-choco-protein-330 | /compare | ProductCard | ProductDetailPurchaseActions | CompareTable,0,FALSE,UNKNOWN,MISSING_RAW_URL,No raw Coupang URL in product data.
7eleven-junghoo-vanilla-protein-330,세븐일레븐 이정후 프로틴 (바닐라),drink,,app/data/drinkProductsData.json,/drinks | /product/7eleven-junghoo-vanilla-protein-330 | /compare | ProductCard | ProductDetailPurchaseActions | CompareTable,0,FALSE,UNKNOWN,MISSING_RAW_URL,No raw Coupang URL in product data.
danbaek-drink-melon-250,더단백 더단백 드링크 (멜론),drink,https://link.coupang.com/a/e8NEUjR8JE,app/data/drinkProductsData.json,/drinks | /product/danbaek-drink-melon-250 | /compare | ProductCard | ProductDetailPurchaseActions | CompareTable | GuideBuySection (top 4 only),0,TRUE,UNKNOWN,STATIC_AFFILIATE_LINK,Direct link.coupang.com link is used as-is; ownership/site cannot be inferred from code.
danbaek-drink-doublechoco-350,더단백 더단백 드링크 (더블초코),drink,https://link.coupang.com/a/e8NFQWBHjM,app/data/drinkProductsData.json,/drinks | /product/danbaek-drink-doublechoco-350 | /compare | ProductCard | ProductDetailPurchaseActions | CompareTable | GuideBuySection (top 4 only),0,TRUE,UNKNOWN,STATIC_AFFILIATE_LINK,Direct link.coupang.com link is used as-is; ownership/site cannot be inferred from code.
dryou-protein-drink-choco-250,닥터유 프로 단백질 드링크 (초콜릿),drink,https://link.coupang.com/a/e8NGVr8vS0,app/data/drinkProductsData.json,/drinks | /product/dryou-protein-drink-choco-250 | /compare | ProductCard | ProductDetailPurchaseActions | CompareTable | GuideBuySection (top 4 only),0,TRUE,UNKNOWN,STATIC_AFFILIATE_LINK,Direct link.coupang.com link is used as-is; ownership/site cannot be inferred from code.
danbaek-drink-caramel-250,더단백 더단백 드링크 (카라멜),drink,https://link.coupang.com/a/e8NHwDyU6S,app/data/drinkProductsData.json,/drinks | /product/danbaek-drink-caramel-250 | /compare | ProductCard | ProductDetailPurchaseActions | CompareTable | GuideBuySection (top 4 only),0,TRUE,UNKNOWN,STATIC_AFFILIATE_LINK,Direct link.coupang.com link is used as-is; ownership/site cannot be inferred from code.
danbaek-drink-mintchoco-250,더단백 더단백 드링크 (민트초코),drink,https://link.coupang.com/a/e8NIaXb6iG,app/data/drinkProductsData.json,/drinks | /product/danbaek-drink-mintchoco-250 | /compare | ProductCard | ProductDetailPurchaseActions | CompareTable | GuideBuySection (top 4 only),0,TRUE,UNKNOWN,STATIC_AFFILIATE_LINK,Direct link.coupang.com link is used as-is; ownership/site cannot be inferred from code.
danbaek-drink-darkchoco-330,더단백 더단백 드링크 (다크초코),drink,https://link.coupang.com/a/e8NIKcgHPE,app/data/drinkProductsData.json,/drinks | /product/danbaek-drink-darkchoco-330 | /compare | ProductCard | ProductDetailPurchaseActions | CompareTable | GuideBuySection (top 4 only),0,TRUE,UNKNOWN,STATIC_AFFILIATE_LINK,Direct link.coupang.com link is used as-is; ownership/site cannot be inferred from code.
danbaek-balance-original-190,더단백 더단백 밸런스 (오리지널),drink,https://link.coupang.com/a/e8NJCn0h5M,app/data/drinkProductsData.json,/drinks | /product/danbaek-balance-original-190 | /compare | ProductCard | ProductDetailPurchaseActions | CompareTable | GuideBuySection (top 4 only),0,TRUE,UNKNOWN,STATIC_AFFILIATE_LINK,Direct link.coupang.com link is used as-is; ownership/site cannot be inferred from code.
takefit-monster-goso-350,테이크핏 테이크핏 몬스터 (고소한맛),drink,https://link.coupang.com/a/e8NKbDFBEy,app/data/drinkProductsData.json,/drinks | /product/takefit-monster-goso-350 | /compare | ProductCard | ProductDetailPurchaseActions | CompareTable | GuideBuySection (top 4 only),0,TRUE,UNKNOWN,STATIC_AFFILIATE_LINK,Direct link.coupang.com link is used as-is; ownership/site cannot be inferred from code.
takefit-monster-chocobanana-350,테이크핏 테이크핏 몬스터 (초코바나나),drink,https://link.coupang.com/a/e8NK1mDFds,app/data/drinkProductsData.json,/drinks | /product/takefit-monster-chocobanana-350 | /compare | ProductCard | ProductDetailPurchaseActions | CompareTable | GuideBuySection (top 4 only),0,TRUE,UNKNOWN,STATIC_AFFILIATE_LINK,Direct link.coupang.com link is used as-is; ownership/site cannot be inferred from code.
sellex-profit-peach-icedtea-330,셀렉스 프로핏 스포츠 (복숭아 아이스티),drink,https://link.coupang.com/a/e8NLSc9rEa,app/data/drinkProductsData.json,/drinks | /product/sellex-profit-peach-icedtea-330 | /compare | ProductCard | ProductDetailPurchaseActions | CompareTable | GuideBuySection (top 4 only),0,TRUE,UNKNOWN,STATIC_AFFILIATE_LINK,Direct link.coupang.com link is used as-is; ownership/site cannot be inferred from code.
greenbia-proteinmeal-active-choco-250,그린비아 프로틴밀 액티브 (초콜릿),drink,https://link.coupang.com/a/e8NMGCWd0C,app/data/drinkProductsData.json,/drinks | /product/greenbia-proteinmeal-active-choco-250 | /compare | ProductCard | ProductDetailPurchaseActions | CompareTable | GuideBuySection (top 4 only),0,TRUE,UNKNOWN,STATIC_AFFILIATE_LINK,Direct link.coupang.com link is used as-is; ownership/site cannot be inferred from code.
greenbia-proteinmeal-active-almond-walnut-250,그린비아 프로틴밀 액티브 (아몬드&호두),drink,https://link.coupang.com/a/e8NNfGEGCi,app/data/drinkProductsData.json,/drinks | /product/greenbia-proteinmeal-active-almond-walnut-250 | /compare | ProductCard | ProductDetailPurchaseActions | CompareTable | GuideBuySection (top 4 only),0,TRUE,UNKNOWN,STATIC_AFFILIATE_LINK,Direct link.coupang.com link is used as-is; ownership/site cannot be inferred from code.
sellex-protein-lactosefree-original-190,셀렉스 프로틴 락토프리 (오리지널),drink,https://link.coupang.com/a/e8NN7uc16q,app/data/drinkProductsData.json,/drinks | /product/sellex-protein-lactosefree-original-190 | /compare | ProductCard | ProductDetailPurchaseActions | CompareTable | GuideBuySection (top 4 only),0,TRUE,UNKNOWN,STATIC_AFFILIATE_LINK,Direct link.coupang.com link is used as-is; ownership/site cannot be inferred from code.
sellex-protein-dangsolve-corn-190,셀렉스 프로틴 당솔브 (초당옥수수맛),drink,https://link.coupang.com/a/e8NOEFh3JY,app/data/drinkProductsData.json,/drinks | /product/sellex-protein-dangsolve-corn-190 | /compare | ProductCard | ProductDetailPurchaseActions | CompareTable | GuideBuySection (top 4 only),0,TRUE,UNKNOWN,STATIC_AFFILIATE_LINK,Direct link.coupang.com link is used as-is; ownership/site cannot be inferred from code.
sellex-protein-dangsolve-fivegrain-190,셀렉스 프로틴 당솔브 (오곡맛),drink,https://link.coupang.com/a/e8NPj81xGS,app/data/drinkProductsData.json,/drinks | /product/sellex-protein-dangsolve-fivegrain-190 | /compare | ProductCard | ProductDetailPurchaseActions | CompareTable | GuideBuySection (top 4 only),0,TRUE,UNKNOWN,STATIC_AFFILIATE_LINK,Direct link.coupang.com link is used as-is; ownership/site cannot be inferred from code.
sellex-protein-lowsugar-190,셀렉스 프로틴 (로우슈거),drink,https://link.coupang.com/a/e8NPSHgelM,app/data/drinkProductsData.json,/drinks | /product/sellex-protein-lowsugar-190 | /compare | ProductCard | ProductDetailPurchaseActions | CompareTable | GuideBuySection (top 4 only),0,TRUE,UNKNOWN,STATIC_AFFILIATE_LINK,Direct link.coupang.com link is used as-is; ownership/site cannot be inferred from code.
hymune-balance-active-banana-250,하이뮨 프로틴 밸런스 액티브 (바나나),drink,https://link.coupang.com/a/e8NQXQ2KFE,app/data/drinkProductsData.json,/drinks | /product/hymune-balance-active-banana-250 | /compare | ProductCard | ProductDetailPurchaseActions | CompareTable | GuideBuySection (top 4 only),0,TRUE,UNKNOWN,STATIC_AFFILIATE_LINK,Direct link.coupang.com link is used as-is; ownership/site cannot be inferred from code.
dryou-protein-drink-banana-250,닥터유 프로 단백질 드링크 (바나나),drink,https://link.coupang.com/a/e8NRVkh6jI,app/data/drinkProductsData.json,/drinks | /product/dryou-protein-drink-banana-250 | /compare | ProductCard | ProductDetailPurchaseActions | CompareTable | GuideBuySection (top 4 only),0,TRUE,UNKNOWN,STATIC_AFFILIATE_LINK,Direct link.coupang.com link is used as-is; ownership/site cannot be inferred from code.
pasteur-easyprotein-lowsugar-choco-250,롯데웰푸드 이지프로틴 저당 (초콜릿),drink,https://link.coupang.com/a/e8NSF0vxf2,app/data/drinkProductsData.json,/drinks | /product/pasteur-easyprotein-lowsugar-choco-250 | /compare | ProductCard | ProductDetailPurchaseActions | CompareTable | GuideBuySection (top 4 only),0,TRUE,UNKNOWN,STATIC_AFFILIATE_LINK,Direct link.coupang.com link is used as-is; ownership/site cannot be inferred from code.
solveandgo-protamin-savory-250,솔브앤고 프로타민 (고소한맛),drink,https://link.coupang.com/a/e8NTmX9Em4,app/data/drinkProductsData.json,/drinks | /product/solveandgo-protamin-savory-250 | /compare | ProductCard | ProductDetailPurchaseActions | CompareTable | GuideBuySection (top 4 only),0,TRUE,UNKNOWN,STATIC_AFFILIATE_LINK,Direct link.coupang.com link is used as-is; ownership/site cannot be inferred from code.
yonsei-severance-a2-protein-choco-190,연세유업 세브란스 A2 프로틴 (초콜릿),drink,https://link.coupang.com/a/e8NUiJPU7w,app/data/drinkProductsData.json,/drinks | /product/yonsei-severance-a2-protein-choco-190 | /compare | ProductCard | ProductDetailPurchaseActions | CompareTable | GuideBuySection (top 4 only),0,TRUE,UNKNOWN,STATIC_AFFILIATE_LINK,Direct link.coupang.com link is used as-is; ownership/site cannot be inferred from code.
yonsei-severance-a2-protein-coffee-190,연세유업 세브란스 A2 프로틴 (커피),drink,https://link.coupang.com/a/e8NUXLFF7c,app/data/drinkProductsData.json,/drinks | /product/yonsei-severance-a2-protein-coffee-190 | /compare | ProductCard | ProductDetailPurchaseActions | CompareTable | GuideBuySection (top 4 only),0,TRUE,UNKNOWN,STATIC_AFFILIATE_LINK,Direct link.coupang.com link is used as-is; ownership/site cannot be inferred from code.
dryou-protein-drink-strawberry-250,닥터유 프로 단백질 드링크 (딸기),drink,https://link.coupang.com/a/e8NV4bkXvM,app/data/drinkProductsData.json,/drinks | /product/dryou-protein-drink-strawberry-250 | /compare | ProductCard | ProductDetailPurchaseActions | CompareTable | GuideBuySection (top 4 only),0,TRUE,UNKNOWN,STATIC_AFFILIATE_LINK,Direct link.coupang.com link is used as-is; ownership/site cannot be inferred from code.
dryou-protein-40g-strawberry-350,닥터유 프로 단백질 드링크 40g (딸기),drink,https://link.coupang.com/a/e8NWXltLK8,app/data/drinkProductsData.json,/drinks | /product/dryou-protein-40g-strawberry-350 | /compare | ProductCard | ProductDetailPurchaseActions | CompareTable | GuideBuySection (top 4 only),0,TRUE,UNKNOWN,STATIC_AFFILIATE_LINK,Direct link.coupang.com link is used as-is; ownership/site cannot be inferred from code.
hymune-balance-active-original-250,하이뮨 프로틴 밸런스 액티브 (오리지널),drink,https://link.coupang.com/a/e8NY4Oy9YW,app/data/drinkProductsData.json,/drinks | /product/hymune-balance-active-original-250 | /compare | ProductCard | ProductDetailPurchaseActions | CompareTable | GuideBuySection (top 4 only),0,TRUE,UNKNOWN,STATIC_AFFILIATE_LINK,Direct link.coupang.com link is used as-is; ownership/site cannot be inferred from code.
seoulmilk-protein-energy-coffee-240,서울우유 프로틴 에너지 (커피),drink,,app/data/drinkProductsData.json,/drinks | /product/seoulmilk-protein-energy-coffee-240 | /compare | ProductCard | ProductDetailPurchaseActions | CompareTable,0,FALSE,UNKNOWN,MISSING_RAW_URL,No raw Coupang URL in product data.
solveandgo-protamin-choco-250,솔브앤고 프로타민 (초코맛),drink,https://link.coupang.com/a/e8NZWa76lg,app/data/drinkProductsData.json,/drinks | /product/solveandgo-protamin-choco-250 | /compare | ProductCard | ProductDetailPurchaseActions | CompareTable | GuideBuySection (top 4 only),0,TRUE,UNKNOWN,STATIC_AFFILIATE_LINK,Direct link.coupang.com link is used as-is; ownership/site cannot be inferred from code.
hymune-protein-balance-lowsugar-190,하이뮨 프로틴 밸런스 (저당),drink,https://link.coupang.com/a/e8N09qfy5A,app/data/drinkProductsData.json,/drinks | /product/hymune-protein-balance-lowsugar-190 | /compare | ProductCard | ProductDetailPurchaseActions | CompareTable | GuideBuySection (top 4 only),0,TRUE,UNKNOWN,STATIC_AFFILIATE_LINK,Direct link.coupang.com link is used as-is; ownership/site cannot be inferred from code.
dryou-protein-40g-choco-350,닥터유 프로 단백질 드링크 40g (초콜릿),drink,https://link.coupang.com/a/e8N1PdSBm8,app/data/drinkProductsData.json,/drinks | /product/dryou-protein-40g-choco-350 | /compare | ProductCard | ProductDetailPurchaseActions | CompareTable | GuideBuySection (top 4 only),0,TRUE,UNKNOWN,STATIC_AFFILIATE_LINK,Direct link.coupang.com link is used as-is; ownership/site cannot be inferred from code.
hymune-balance-active-cookie-cream-250,하이뮨 프로틴 밸런스 액티브 (쿠키앤크림),drink,https://link.coupang.com/a/e8N2oc3tTM,app/data/drinkProductsData.json,/drinks | /product/hymune-balance-active-cookie-cream-250 | /compare | ProductCard | ProductDetailPurchaseActions | CompareTable | GuideBuySection (top 4 only),0,TRUE,UNKNOWN,STATIC_AFFILIATE_LINK,Direct link.coupang.com link is used as-is; ownership/site cannot be inferred from code.
labnosh-protein-latte-350,랩노쉬 프로틴 드링크 (라떼),drink,https://link.coupang.com/a/e8N22hmvMO,app/data/drinkProductsData.json,/drinks | /product/labnosh-protein-latte-350 | /compare | ProductCard | ProductDetailPurchaseActions | CompareTable | GuideBuySection (top 4 only),0,TRUE,UNKNOWN,STATIC_AFFILIATE_LINK,Direct link.coupang.com link is used as-is; ownership/site cannot be inferred from code.
labnosh-protein-melon-350,랩노쉬 프로틴 드링크 (메론),drink,https://www.coupang.com/vp/products/7977620460?itemId=22122632755&vendorItemId=90043603950&q=프로틴%20프로틴%20드링크%20(메론)&searchId=6e5e3ccf3398578&sourceType=search&itemsCount=36&searchRank=3&rank=3&traceId=mmybdfxa,app/data/drinkProductsData.json,/drinks | /product/labnosh-protein-melon-350 | /compare | ProductCard | ProductDetailPurchaseActions | CompareTable | GuideBuySection (top 4 only),0,FALSE,UNKNOWN,STANDARD_COUPANG_SOURCE,Runtime converts a valid product URL to /api/out/coupang; affiliate attribution depends on deployed credentials and has no site identifier.
hymune-balance-active-strawberry-250,하이뮨 프로틴 밸런스 액티브 (딸기),drink,https://link.coupang.com/a/e8N6jH4Nrw,app/data/drinkProductsData.json,/drinks | /product/hymune-balance-active-strawberry-250 | /compare | ProductCard | ProductDetailPurchaseActions | CompareTable | GuideBuySection (top 4 only),0,TRUE,UNKNOWN,STATIC_AFFILIATE_LINK,Direct link.coupang.com link is used as-is; ownership/site cannot be inferred from code.
seoulmilk-protein-energy-choco-240,서울우유 프로틴 에너지 (초콜릿),drink,https://link.coupang.com/a/e8N7MtZVUi,app/data/drinkProductsData.json,/drinks | /product/seoulmilk-protein-energy-choco-240 | /compare | ProductCard | ProductDetailPurchaseActions | CompareTable | GuideBuySection (top 4 only),0,TRUE,UNKNOWN,STATIC_AFFILIATE_LINK,Direct link.coupang.com link is used as-is; ownership/site cannot be inferred from code.
hymune-protein-balance-choco-190,하이뮨 프로틴 밸런스 (초콜릿),drink,https://link.coupang.com/a/e8N8qMKNWe,app/data/drinkProductsData.json,/drinks | /product/hymune-protein-balance-choco-190 | /compare | ProductCard | ProductDetailPurchaseActions | CompareTable | GuideBuySection (top 4 only),0,TRUE,UNKNOWN,STATIC_AFFILIATE_LINK,Direct link.coupang.com link is used as-is; ownership/site cannot be inferred from code.
labnosh-protein-cacao-350,랩노쉬 프로틴 드링크 (카카오),drink,https://link.coupang.com/a/e8N9r5TH4K,app/data/drinkProductsData.json,/drinks | /product/labnosh-protein-cacao-350 | /compare | ProductCard | ProductDetailPurchaseActions | CompareTable | GuideBuySection (top 4 only),0,TRUE,UNKNOWN,STATIC_AFFILIATE_LINK,Direct link.coupang.com link is used as-is; ownership/site cannot be inferred from code.
labnosh-protein-strawberry-350,랩노쉬 프로틴 드링크 (스트로베리),drink,https://www.coupang.com/vp/products/9425699091?itemId=28018418017&vendorItemId=94975681252,app/data/drinkProductsData.json,/drinks | /product/labnosh-protein-strawberry-350 | /compare | ProductCard | ProductDetailPurchaseActions | CompareTable | GuideBuySection (top 4 only),0,FALSE,UNKNOWN,STANDARD_COUPANG_SOURCE,Runtime converts a valid product URL to /api/out/coupang; affiliate attribution depends on deployed credentials and has no site identifier.
calobye-perfect-powershake-strawberry-250,칼로바이 퍼펙트 파워쉐이크 (딸기맛),drink,https://link.coupang.com/a/e8ObH2oJwq,app/data/drinkProductsData.json,/drinks | /product/calobye-perfect-powershake-strawberry-250 | /compare | ProductCard | ProductDetailPurchaseActions | CompareTable | GuideBuySection (top 4 only),0,TRUE,UNKNOWN,STATIC_AFFILIATE_LINK,Direct link.coupang.com link is used as-is; ownership/site cannot be inferred from code.
yonsei-severance-a2-protein-original-190,연세유업 세브란스 A2 프로틴 (오리지널),drink,https://link.coupang.com/a/e8OcgrgETc,app/data/drinkProductsData.json,/drinks | /product/yonsei-severance-a2-protein-original-190 | /compare | ProductCard | ProductDetailPurchaseActions | CompareTable | GuideBuySection (top 4 only),0,TRUE,UNKNOWN,STATIC_AFFILIATE_LINK,Direct link.coupang.com link is used as-is; ownership/site cannot be inferred from code.
labnosh-protein-banana-350,랩노쉬 프로틴 드링크 (바나나),drink,https://link.coupang.com/a/e8OcVmEF6i,app/data/drinkProductsData.json,/drinks | /product/labnosh-protein-banana-350 | /compare | ProductCard | ProductDetailPurchaseActions | CompareTable | GuideBuySection (top 4 only),0,TRUE,UNKNOWN,STATIC_AFFILIATE_LINK,Direct link.coupang.com link is used as-is; ownership/site cannot be inferred from code.
labnosh-protein-cookie-cream-350,랩노쉬 프로틴 드링크 (쿠키앤크림),drink,https://link.coupang.com/a/e8OdrSzRSu,app/data/drinkProductsData.json,/drinks | /product/labnosh-protein-cookie-cream-350 | /compare | ProductCard | ProductDetailPurchaseActions | CompareTable | GuideBuySection (top 4 only),0,TRUE,UNKNOWN,STATIC_AFFILIATE_LINK,Direct link.coupang.com link is used as-is; ownership/site cannot be inferred from code.
labnosh-protein-perfect-grain-350,랩노쉬 프로틴 드링크 퍼펙트 (그레인),drink,https://link.coupang.com/a/e8OerXAKIu,app/data/drinkProductsData.json,/drinks | /product/labnosh-protein-perfect-grain-350 | /compare | ProductCard | ProductDetailPurchaseActions | CompareTable | GuideBuySection (top 4 only),0,TRUE,UNKNOWN,STATIC_AFFILIATE_LINK,Direct link.coupang.com link is used as-is; ownership/site cannot be inferred from code.
labnosh-protein-perfect-choco-350,랩노쉬 프로틴 드링크 퍼펙트 (초코),drink,https://link.coupang.com/a/e8Oe0kbS2K,app/data/drinkProductsData.json,/drinks | /product/labnosh-protein-perfect-choco-350 | /compare | ProductCard | ProductDetailPurchaseActions | CompareTable | GuideBuySection (top 4 only),0,TRUE,UNKNOWN,STATIC_AFFILIATE_LINK,Direct link.coupang.com link is used as-is; ownership/site cannot be inferred from code.
labnosh-protein-perfect-banana-350,랩노쉬 프로틴 드링크 퍼펙트 (바나나),drink,https://link.coupang.com/a/e8Ofu8wiqW,app/data/drinkProductsData.json,/drinks | /product/labnosh-protein-perfect-banana-350 | /compare | ProductCard | ProductDetailPurchaseActions | CompareTable | GuideBuySection (top 4 only),0,TRUE,UNKNOWN,STATIC_AFFILIATE_LINK,Direct link.coupang.com link is used as-is; ownership/site cannot be inferred from code.
calobye-perfect-powershake-choco-250,칼로바이 퍼펙트 파워쉐이크 (초코맛),drink,https://link.coupang.com/a/e8Of4ixslg,app/data/drinkProductsData.json,/drinks | /product/calobye-perfect-powershake-choco-250 | /compare | ProductCard | ProductDetailPurchaseActions | CompareTable | GuideBuySection (top 4 only),0,TRUE,UNKNOWN,STATIC_AFFILIATE_LINK,Direct link.coupang.com link is used as-is; ownership/site cannot be inferred from code.
hamsoa-minions-proteinact-choco-330,함소아제약 미니언즈 프로틴액트 (초콜릿),drink,https://link.coupang.com/a/e8OgPckiOc,app/data/drinkProductsData.json,/drinks | /product/hamsoa-minions-proteinact-choco-330 | /compare | ProductCard | ProductDetailPurchaseActions | CompareTable | GuideBuySection (top 4 only),0,TRUE,UNKNOWN,STATIC_AFFILIATE_LINK,Direct link.coupang.com link is used as-is; ownership/site cannot be inferred from code.
mymil-newprotein-original-190,마이밀 뉴프로틴 (오리지널),drink,https://link.coupang.com/a/e8Ohtei1ds,app/data/drinkProductsData.json,/drinks | /product/mymil-newprotein-original-190 | /compare | ProductCard | ProductDetailPurchaseActions | CompareTable | GuideBuySection (top 4 only),0,TRUE,UNKNOWN,STATIC_AFFILIATE_LINK,Direct link.coupang.com link is used as-is; ownership/site cannot be inferred from code.
mymil-newprotein-deepchoco-190,마이밀 뉴프로틴 (딥초코),drink,https://link.coupang.com/a/e8OhZGfWDc,app/data/drinkProductsData.json,/drinks | /product/mymil-newprotein-deepchoco-190 | /compare | ProductCard | ProductDetailPurchaseActions | CompareTable | GuideBuySection (top 4 only),0,TRUE,UNKNOWN,STATIC_AFFILIATE_LINK,Direct link.coupang.com link is used as-is; ownership/site cannot be inferred from code.
mymil-newprotein-goatmilk-190,마이밀 뉴프로틴 (산양유),drink,https://link.coupang.com/a/e8OiKnP2vk,app/data/drinkProductsData.json,/drinks | /product/mymil-newprotein-goatmilk-190 | /compare | ProductCard | ProductDetailPurchaseActions | CompareTable | GuideBuySection (top 4 only),0,TRUE,UNKNOWN,STATIC_AFFILIATE_LINK,Direct link.coupang.com link is used as-is; ownership/site cannot be inferred from code.
hymune-protein-balance-190,하이뮨 프로틴 밸런스 (오리지널),drink,https://link.coupang.com/a/e8Ojnox1Q4,app/data/drinkProductsData.json,/drinks | /product/hymune-protein-balance-190 | /compare | ProductCard | ProductDetailPurchaseActions | CompareTable | GuideBuySection (top 4 only),0,TRUE,UNKNOWN,STATIC_AFFILIATE_LINK,Direct link.coupang.com link is used as-is; ownership/site cannot be inferred from code.
pasteur-easyprotein-cereal-250,롯데웰푸드 이지프로틴 (시리얼),drink,https://link.coupang.com/a/e8OkgllzwW,app/data/drinkProductsData.json,/drinks | /product/pasteur-easyprotein-cereal-250 | /compare | ProductCard | ProductDetailPurchaseActions | CompareTable | GuideBuySection (top 4 only),0,TRUE,UNKNOWN,STATIC_AFFILIATE_LINK,Direct link.coupang.com link is used as-is; ownership/site cannot be inferred from code.
hymune-protein-balance-black-sesame-190,하이뮨 프로틴 밸런스 (흑임자),drink,https://link.coupang.com/a/e8OliFJOpM,app/data/drinkProductsData.json,/drinks | /product/hymune-protein-balance-black-sesame-190 | /compare | ProductCard | ProductDetailPurchaseActions | CompareTable | GuideBuySection (top 4 only),0,TRUE,UNKNOWN,STATIC_AFFILIATE_LINK,Direct link.coupang.com link is used as-is; ownership/site cannot be inferred from code.
sellex-protein-original-190,셀렉스 프로틴 (오리지널),drink,https://link.coupang.com/a/e8OlQ1O5cq,app/data/drinkProductsData.json,/drinks | /product/sellex-protein-original-190 | /compare | ProductCard | ProductDetailPurchaseActions | CompareTable | GuideBuySection (top 4 only),0,TRUE,UNKNOWN,STATIC_AFFILIATE_LINK,Direct link.coupang.com link is used as-is; ownership/site cannot be inferred from code.
hymune-protein-balance-plus-190,하이뮨 프로틴 밸런스 (플러스),drink,https://link.coupang.com/a/e8OmBEPL2G,app/data/drinkProductsData.json,/drinks | /product/hymune-protein-balance-plus-190 | /compare | ProductCard | ProductDetailPurchaseActions | CompareTable | GuideBuySection (top 4 only),0,TRUE,UNKNOWN,STATIC_AFFILIATE_LINK,Direct link.coupang.com link is used as-is; ownership/site cannot be inferred from code.
danbaek-water-grapefruit-400,더단백 더단백 워터 프로틴 (백자몽),drink,https://link.coupang.com/a/e8Onj7R6FE,app/data/drinkProductsData.json,/drinks | /product/danbaek-water-grapefruit-400 | /compare | ProductCard | ProductDetailPurchaseActions | CompareTable | GuideBuySection (top 4 only),0,TRUE,UNKNOWN,STATIC_AFFILIATE_LINK,Direct link.coupang.com link is used as-is; ownership/site cannot be inferred from code.
mymil-newprotein-banana-190,마이밀 뉴프로틴 (바나나),drink,https://link.coupang.com/a/e8OnPfOtgq,app/data/drinkProductsData.json,/drinks | /product/mymil-newprotein-banana-190 | /compare | ProductCard | ProductDetailPurchaseActions | CompareTable | GuideBuySection (top 4 only),0,TRUE,UNKNOWN,STATIC_AFFILIATE_LINK,Direct link.coupang.com link is used as-is; ownership/site cannot be inferred from code.
oneuldanbaek-caramel-latte-250,오늘단백 오늘단백 (카라멜라떼),drink,,app/data/drinkProductsData.json,/drinks | /product/oneuldanbaek-caramel-latte-250 | /compare | ProductCard | ProductDetailPurchaseActions | CompareTable,0,FALSE,UNKNOWN,MISSING_RAW_URL,No raw Coupang URL in product data.
oneuldanbaek-dolce-latte-250,오늘단백 오늘단백 (돌체라떼),drink,,app/data/drinkProductsData.json,/drinks | /product/oneuldanbaek-dolce-latte-250 | /compare | ProductCard | ProductDetailPurchaseActions | CompareTable,0,FALSE,UNKNOWN,MISSING_RAW_URL,No raw Coupang URL in product data.
labnosh-protein-perfect-cookie-cream-350,랩노쉬 프로틴 드링크 퍼펙트 (쿠키앤크림),drink,https://link.coupang.com/a/e8OoVi1N9M,app/data/drinkProductsData.json,/drinks | /product/labnosh-protein-perfect-cookie-cream-350 | /compare | ProductCard | ProductDetailPurchaseActions | CompareTable | GuideBuySection (top 4 only),0,TRUE,UNKNOWN,STATIC_AFFILIATE_LINK,Direct link.coupang.com link is used as-is; ownership/site cannot be inferred from code.
takefit-extreme-450,테이크핏 테이크핏 익스트림,drink,https://link.coupang.com/a/e8OpALPsvA,app/data/drinkProductsData.json,/drinks | /product/takefit-extreme-450 | /compare | ProductCard | ProductDetailPurchaseActions | CompareTable | GuideBuySection (top 4 only),0,TRUE,UNKNOWN,STATIC_AFFILIATE_LINK,Direct link.coupang.com link is used as-is; ownership/site cannot be inferred from code.
dryou-proteinbar-pro-3nuts-crunch,닥터유 프로 단백질바 (3넛츠 크런치),bar,https://link.coupang.com/a/fg1IDrJsAu,app/data/barProductsData.json,/bars | /product/dryou-proteinbar-pro-3nuts-crunch | /compare | ProductCard | ProductDetailPurchaseActions | CompareTable,0,TRUE,UNKNOWN,STATIC_AFFILIATE_LINK,Direct link.coupang.com link is used as-is; ownership/site cannot be inferred from code.
dryou-proteinbar-pro-choco-classic,닥터유 프로 단백질바 (초코 클래식),bar,https://link.coupang.com/a/fg1JsDzqWy,app/data/barProductsData.json,/bars | /product/dryou-proteinbar-pro-choco-classic | /compare | ProductCard | ProductDetailPurchaseActions | CompareTable,0,TRUE,UNKNOWN,STATIC_AFFILIATE_LINK,Direct link.coupang.com link is used as-is; ownership/site cannot be inferred from code.
dryou-proteinbar-pro-crunch,닥터유 프로 단백질바 (크런치),bar,https://link.coupang.com/a/fg1Kf9RGzA,app/data/barProductsData.json,/bars | /product/dryou-proteinbar-pro-crunch | /compare | ProductCard | ProductDetailPurchaseActions | CompareTable,0,TRUE,UNKNOWN,STATIC_AFFILIATE_LINK,Direct link.coupang.com link is used as-is; ownership/site cannot be inferred from code.
kirkland-proteinbar-choco-brownie,커클랜드 프로틴바 초콜릿 브라우니,bar,https://link.coupang.com/a/fg1Lfdn0z6,app/data/barProductsData.json,/bars | /product/kirkland-proteinbar-choco-brownie | /compare | ProductCard | ProductDetailPurchaseActions | CompareTable,0,TRUE,UNKNOWN,STATIC_AFFILIATE_LINK,Direct link.coupang.com link is used as-is; ownership/site cannot be inferred from code.
kirkland-proteinbar-choco-chip-cookie-dough-60,커클랜드 프로틴바 초코칩 쿠키도우,bar,https://link.coupang.com/a/fg1LOeuvnM,app/data/barProductsData.json,/bars | /product/kirkland-proteinbar-choco-chip-cookie-dough-60 | /compare | ProductCard | ProductDetailPurchaseActions | CompareTable,0,TRUE,UNKNOWN,STATIC_AFFILIATE_LINK,Direct link.coupang.com link is used as-is; ownership/site cannot be inferred from code.
benof-proteinbar-chunky-choco,베노프 단백질바 (청키초콜릿),bar,https://link.coupang.com/a/fg1Mvt8ki4,app/data/barProductsData.json,/bars | /product/benof-proteinbar-chunky-choco | /compare | ProductCard | ProductDetailPurchaseActions | CompareTable,0,TRUE,UNKNOWN,STATIC_AFFILIATE_LINK,Direct link.coupang.com link is used as-is; ownership/site cannot be inferred from code.
benof-proteinbar-truffle-peanutbutter-choco,베노프 단백질바 (트러플피넛버터초콜릿),bar,https://link.coupang.com/a/fg1M1Cq2VM,app/data/barProductsData.json,/bars | /product/benof-proteinbar-truffle-peanutbutter-choco | /compare | ProductCard | ProductDetailPurchaseActions | CompareTable,0,TRUE,UNKNOWN,STATIC_AFFILIATE_LINK,Direct link.coupang.com link is used as-is; ownership/site cannot be inferred from code.
benof-softbar-peanutbutter,베노프 소프트바 (피넛버터),bar,https://link.coupang.com/a/fg1OnW0gSa,app/data/barProductsData.json,/bars | /product/benof-softbar-peanutbutter | /compare | ProductCard | ProductDetailPurchaseActions | CompareTable,0,TRUE,UNKNOWN,STATIC_AFFILIATE_LINK,Direct link.coupang.com link is used as-is; ownership/site cannot be inferred from code.
benof-softbar-cookie-cream,베노프 소프트바 (쿠키앤크림),bar,https://link.coupang.com/a/fg1OWqXsOq,app/data/barProductsData.json,/bars | /product/benof-softbar-cookie-cream | /compare | ProductCard | ProductDetailPurchaseActions | CompareTable,0,TRUE,UNKNOWN,STATIC_AFFILIATE_LINK,Direct link.coupang.com link is used as-is; ownership/site cannot be inferred from code.
benof-softbar-chocolate-caramel,베노프 소프트바 (초콜릿카라멜),bar,https://link.coupang.com/a/fg1PrFQPq8,app/data/barProductsData.json,/bars | /product/benof-softbar-chocolate-caramel | /compare | ProductCard | ProductDetailPurchaseActions | CompareTable,0,TRUE,UNKNOWN,STATIC_AFFILIATE_LINK,Direct link.coupang.com link is used as-is; ownership/site cannot be inferred from code.
benof-softbar-cacao,베노프 소프트바 (카카오),bar,https://link.coupang.com/a/fg1P38dl24,app/data/barProductsData.json,/bars | /product/benof-softbar-cacao | /compare | ProductCard | ProductDetailPurchaseActions | CompareTable,0,TRUE,UNKNOWN,STATIC_AFFILIATE_LINK,Direct link.coupang.com link is used as-is; ownership/site cannot be inferred from code.
benof-softbar-black-sesame,베노프 소프트바 (흑임자),bar,https://link.coupang.com/a/fg1QWzVZDw,app/data/barProductsData.json,/bars | /product/benof-softbar-black-sesame | /compare | ProductCard | ProductDetailPurchaseActions | CompareTable,0,TRUE,UNKNOWN,STATIC_AFFILIATE_LINK,Direct link.coupang.com link is used as-is; ownership/site cannot be inferred from code.
benof-softbar-injeolmi,베노프 소프트바 (인절미),bar,https://link.coupang.com/a/fg1RwhLmqO,app/data/barProductsData.json,/bars | /product/benof-softbar-injeolmi | /compare | ProductCard | ProductDetailPurchaseActions | CompareTable,0,TRUE,UNKNOWN,STATIC_AFFILIATE_LINK,Direct link.coupang.com link is used as-is; ownership/site cannot be inferred from code.
benof-softbar-roasted-sweetpotato,베노프 소프트바 (군고구마),bar,https://link.coupang.com/a/fg1RZCYw4i,app/data/barProductsData.json,/bars | /product/benof-softbar-roasted-sweetpotato | /compare | ProductCard | ProductDetailPurchaseActions | CompareTable,0,TRUE,UNKNOWN,STATIC_AFFILIATE_LINK,Direct link.coupang.com link is used as-is; ownership/site cannot be inferred from code.
benof-softbar-berry-cheesecake,베노프 소프트바 (베리베리치즈케이크),bar,https://link.coupang.com/a/fg1SyycJgq,app/data/barProductsData.json,/bars | /product/benof-softbar-berry-cheesecake | /compare | ProductCard | ProductDetailPurchaseActions | CompareTable,0,TRUE,UNKNOWN,STATIC_AFFILIATE_LINK,Direct link.coupang.com link is used as-is; ownership/site cannot be inferred from code.
syntha6-crispy-choco,비에스엔 프로틴 크리스프 단백질바 (초콜릿 크런치),bar,https://link.coupang.com/a/fg1Th9SVG0,app/data/barProductsData.json,/bars | /product/syntha6-crispy-choco | /compare | ProductCard | ProductDetailPurchaseActions | CompareTable,0,TRUE,UNKNOWN,STATIC_AFFILIATE_LINK,Direct link.coupang.com link is used as-is; ownership/site cannot be inferred from code.
bsn-protein-crisp-peanut-butter-crunch,비에스엔 프로틴 크리스프 단백질바 (피넛 버터 크런치),bar,https://link.coupang.com/a/fg1Ugh9grc,app/data/barProductsData.json,/bars | /product/bsn-protein-crisp-peanut-butter-crunch | /compare | ProductCard | ProductDetailPurchaseActions | CompareTable,0,TRUE,UNKNOWN,STATIC_AFFILIATE_LINK,Direct link.coupang.com link is used as-is; ownership/site cannot be inferred from code.
bsn-protein-crisp-salted-toffee-pretzel,비에스엔 프로틴 크리스프 단백질바 (솔티드 토피 프레첼),bar,https://link.coupang.com/a/fg1UR5U9rU,app/data/barProductsData.json,/bars | /product/bsn-protein-crisp-salted-toffee-pretzel | /compare | ProductCard | ProductDetailPurchaseActions | CompareTable,0,TRUE,UNKNOWN,STATIC_AFFILIATE_LINK,Direct link.coupang.com link is used as-is; ownership/site cannot be inferred from code.
quest-nutrition-protein-bar-double-chocolate-chunk-60,퀘스트 뉴트리션 단백질바 (더블 초콜릿 청크),bar,https://link.coupang.com/a/fg1Vxxl8RU,app/data/barProductsData.json,/bars | /product/quest-nutrition-protein-bar-double-chocolate-chunk-60 | /compare | ProductCard | ProductDetailPurchaseActions | CompareTable,0,TRUE,UNKNOWN,STATIC_AFFILIATE_LINK,Direct link.coupang.com link is used as-is; ownership/site cannot be inferred from code.
quest-nutrition-protein-bar-chocolate-peanutbutter-60,퀘스트 뉴트리션 단백질바 (초콜릿 피넛버터),bar,https://link.coupang.com/a/fg1WbRVWFM,app/data/barProductsData.json,/bars | /product/quest-nutrition-protein-bar-chocolate-peanutbutter-60 | /compare | ProductCard | ProductDetailPurchaseActions | CompareTable,0,TRUE,UNKNOWN,STATIC_AFFILIATE_LINK,Direct link.coupang.com link is used as-is; ownership/site cannot be inferred from code.
quest-nutrition-protein-bar-oatmeal-chocolate-chip-60,퀘스트 뉴트리션 단백질바 (오트밀 초콜릿 칩),bar,https://link.coupang.com/a/fg1WPtlsVE,app/data/barProductsData.json,/bars | /product/quest-nutrition-protein-bar-oatmeal-chocolate-chip-60 | /compare | ProductCard | ProductDetailPurchaseActions | CompareTable,0,TRUE,UNKNOWN,STATIC_AFFILIATE_LINK,Direct link.coupang.com link is used as-is; ownership/site cannot be inferred from code.
quest-nutrition-protein-bar-deep-chocolate-chip-cookie-dough-60,퀘스트 뉴트리션 단백질바 (딥 초콜릿칩 쿠키도우),bar,https://link.coupang.com/a/fg1XtIkg8W,app/data/barProductsData.json,/bars | /product/quest-nutrition-protein-bar-deep-chocolate-chip-cookie-dough-60 | /compare | ProductCard | ProductDetailPurchaseActions | CompareTable,0,TRUE,UNKNOWN,STATIC_AFFILIATE_LINK,Direct link.coupang.com link is used as-is; ownership/site cannot be inferred from code.
quest-nutrition-protein-bar-lemon-cake-60,퀘스트 뉴트리션 단백질바 (레몬 케이크),bar,https://link.coupang.com/a/fg1X8kYz24,app/data/barProductsData.json,/bars | /product/quest-nutrition-protein-bar-lemon-cake-60 | /compare | ProductCard | ProductDetailPurchaseActions | CompareTable,0,TRUE,UNKNOWN,STATIC_AFFILIATE_LINK,Direct link.coupang.com link is used as-is; ownership/site cannot be inferred from code.
quest-nutrition-protein-bar-mint-chocolate-chunk-60,퀘스트 뉴트리션 단백질바 (민트 초콜릿 청크),bar,https://link.coupang.com/a/fg1YOovAfQ,app/data/barProductsData.json,/bars | /product/quest-nutrition-protein-bar-mint-chocolate-chunk-60 | /compare | ProductCard | ProductDetailPurchaseActions | CompareTable,0,TRUE,UNKNOWN,STATIC_AFFILIATE_LINK,Direct link.coupang.com link is used as-is; ownership/site cannot be inferred from code.
quest-nutrition-protein-bar-cookie-cream-60,퀘스트 뉴트리션 단백질바 (쿠키 앤 크림),bar,https://link.coupang.com/a/fg1ZqHiJsi,app/data/barProductsData.json,/bars | /product/quest-nutrition-protein-bar-cookie-cream-60 | /compare | ProductCard | ProductDetailPurchaseActions | CompareTable,0,TRUE,UNKNOWN,STATIC_AFFILIATE_LINK,Direct link.coupang.com link is used as-is; ownership/site cannot be inferred from code.
quest-nutrition-protein-bar-chocolate-chip-cookie-dough-60,퀘스트 뉴트리션 단백질바 (초코칩 쿠키도우),bar,https://link.coupang.com/a/fg1Z1J4xRQ,app/data/barProductsData.json,/bars | /product/quest-nutrition-protein-bar-chocolate-chip-cookie-dough-60 | /compare | ProductCard | ProductDetailPurchaseActions | CompareTable,0,TRUE,UNKNOWN,STATIC_AFFILIATE_LINK,Direct link.coupang.com link is used as-is; ownership/site cannot be inferred from code.
quest-nutrition-protein-bar-blueberry-muffin-60,퀘스트 뉴트리션 단백질바 (블루베리 머핀),bar,https://link.coupang.com/a/fg10AtFbJk,app/data/barProductsData.json,/bars | /product/quest-nutrition-protein-bar-blueberry-muffin-60 | /compare | ProductCard | ProductDetailPurchaseActions | CompareTable,0,TRUE,UNKNOWN,STATIC_AFFILIATE_LINK,Direct link.coupang.com link is used as-is; ownership/site cannot be inferred from code.
quest-nutrition-protein-bar-white-chocolate-raspberry-60,퀘스트 뉴트리션 단백질바 (화이트 초콜릿 라즈베리),bar,https://link.coupang.com/a/fg11eGcoFw,app/data/barProductsData.json,/bars | /product/quest-nutrition-protein-bar-white-chocolate-raspberry-60 | /compare | ProductCard | ProductDetailPurchaseActions | CompareTable,0,TRUE,UNKNOWN,STATIC_AFFILIATE_LINK,Direct link.coupang.com link is used as-is; ownership/site cannot be inferred from code.
quest-nutrition-protein-bar-deep-dish-cookie-cream-60,퀘스트 뉴트리션 단백질바 (딥디쉬 쿠키 앤 크림),bar,https://link.coupang.com/a/fg11Ouyxsi,app/data/barProductsData.json,/bars | /product/quest-nutrition-protein-bar-deep-dish-cookie-cream-60 | /compare | ProductCard | ProductDetailPurchaseActions | CompareTable,0,TRUE,UNKNOWN,STATIC_AFFILIATE_LINK,Direct link.coupang.com link is used as-is; ownership/site cannot be inferred from code.
quest-nutrition-protein-bar-smores-60,퀘스트 뉴트리션 단백질바 (스모어),bar,https://link.coupang.com/a/fg12mQAtwr,app/data/barProductsData.json,/bars | /product/quest-nutrition-protein-bar-smores-60 | /compare | ProductCard | ProductDetailPurchaseActions | CompareTable,0,TRUE,UNKNOWN,STATIC_AFFILIATE_LINK,Direct link.coupang.com link is used as-is; ownership/site cannot be inferred from code.
post-proteinbar,포스트 단백질바,bar,https://link.coupang.com/a/fg12TVZwyG,app/data/barProductsData.json,/bars | /product/post-proteinbar | /compare | ProductCard | ProductDetailPurchaseActions | CompareTable,0,TRUE,UNKNOWN,STATIC_AFFILIATE_LINK,Direct link.coupang.com link is used as-is; ownership/site cannot be inferred from code.
proteinbangatgan-harudanbaekbar-blacksesame,프로틴방앗간 하루단백바 (흑임자),bar,https://link.coupang.com/a/fg13A7upps,app/data/barProductsData.json,/bars | /product/proteinbangatgan-harudanbaekbar-blacksesame | /compare | ProductCard | ProductDetailPurchaseActions | CompareTable,0,TRUE,UNKNOWN,STATIC_AFFILIATE_LINK,Direct link.coupang.com link is used as-is; ownership/site cannot be inferred from code.
ondanbaek-protein-bar-apple-cranberry-50,온단백 프로틴바 (애플크랜베리),bar,https://www.coupang.com/vp/products/9004312871?itemId=26388106664&vendorItemId=93364470969&q=%EC%98%A8%EB%8B%A8%EB%B0%B1+%ED%94%84%EB%A1%9C%ED%8B%B4%EB%B0%94+%28%EC%95%A0%ED%94%8C%ED%81%AC%EB%9E%9C%EB%B2%A0%EB%A6%AC%29&searchId=57088303446478&sourceType=search&itemsCount=36&searchRank=0&rank=0&traceId=mmyluhz1,app/data/barProductsData.json,/bars | /product/ondanbaek-protein-bar-apple-cranberry-50 | /compare | ProductCard | ProductDetailPurchaseActions | CompareTable,0,FALSE,UNKNOWN,STANDARD_COUPANG_SOURCE,Runtime converts a valid product URL to /api/out/coupang; affiliate attribution depends on deployed credentials and has no site identifier.
ondanbaek-protein-bar-chocolate-fudge-50,온단백 프로틴바 (초콜릿퍼지),bar,https://www.coupang.com/vp/products/9004389967?itemId=26388520629&vendorItemId=93364878631&q=%EC%98%A8%EB%8B%A8%EB%B0%B1+%ED%94%84%EB%A1%9C%ED%8B%B4%EB%B0%94+%28%EC%B4%88%EC%BD%9C%EB%A0%9B%ED%8D%BC%EC%A7%80%29&searchId=04036658951213&sourceType=search&itemsCount=36&searchRank=1&rank=1&traceId=mmyluv1y,app/data/barProductsData.json,/bars | /product/ondanbaek-protein-bar-chocolate-fudge-50 | /compare | ProductCard | ProductDetailPurchaseActions | CompareTable,0,FALSE,UNKNOWN,STANDARD_COUPANG_SOURCE,Runtime converts a valid product URL to /api/out/coupang; affiliate attribution depends on deployed credentials and has no site identifier.
proteinbangatgan-harudanbaekbar-cheeseberry,프로틴방앗간 하루단백바 (치즈베리),bar,https://link.coupang.com/a/fg157rmiCi,app/data/barProductsData.json,/bars | /product/proteinbangatgan-harudanbaekbar-cheeseberry | /compare | ProductCard | ProductDetailPurchaseActions | CompareTable,0,TRUE,UNKNOWN,STATIC_AFFILIATE_LINK,Direct link.coupang.com link is used as-is; ownership/site cannot be inferred from code.
himnaego-protein-bar-dark-chocolate-50,힘내고 단백질바 (다크 초콜릿),bar,https://www.coupang.com/vp/products/7714630927?itemId=20688361215&vendorItemId=87999990294&q=%ED%9E%98%EB%82%B4%EA%B3%A0+%EB%8B%A8%EC%A7%88%EB%B0%94+%28%EB%8B%A4%ED%81%AC+%EC%B4%88%EC%BD%9C%EB%A6%BF%29&searchId=c449fd41844298&sourceType=search&itemsCount=36&searchRank=15&rank=15&traceId=mmylluzq,app/data/barProductsData.json,/bars | /product/himnaego-protein-bar-dark-chocolate-50 | /compare | ProductCard | ProductDetailPurchaseActions | CompareTable,0,FALSE,UNKNOWN,STANDARD_COUPANG_SOURCE,Runtime converts a valid product URL to /api/out/coupang; affiliate attribution depends on deployed credentials and has no site identifier.
nobrand-proteinbar-choco,노브랜드 단백질바 초코,bar,,app/data/barProductsData.json,/bars | /product/nobrand-proteinbar-choco | /compare | ProductCard | ProductDetailPurchaseActions | CompareTable,0,FALSE,UNKNOWN,MISSING_RAW_URL,No raw Coupang URL in product data.
thedanbaek-crunchbar-choco,더단백 크런치바 (초코),bar,https://link.coupang.com/a/fg18UVoms0,app/data/barProductsData.json,/bars | /product/thedanbaek-crunchbar-choco | /compare | ProductCard | ProductDetailPurchaseActions | CompareTable,0,TRUE,UNKNOWN,STATIC_AFFILIATE_LINK,Direct link.coupang.com link is used as-is; ownership/site cannot be inferred from code.
selex-proteinbar-berryoat,셀렉스 프로틴바 베리오트,bar,https://link.coupang.com/a/fg19zNImSO,app/data/barProductsData.json,/bars | /product/selex-proteinbar-berryoat | /compare | ProductCard | ProductDetailPurchaseActions | CompareTable,0,TRUE,UNKNOWN,STATIC_AFFILIATE_LINK,Direct link.coupang.com link is used as-is; ownership/site cannot be inferred from code.
selex-protein-nutsbar,셀렉스 프로틴 너츠바,bar,https://link.coupang.com/a/fg2adLWQqi,app/data/barProductsData.json,/bars | /product/selex-protein-nutsbar | /compare | ProductCard | ProductDetailPurchaseActions | CompareTable,0,TRUE,UNKNOWN,STATIC_AFFILIATE_LINK,Direct link.coupang.com link is used as-is; ownership/site cannot be inferred from code.
thedanbaek-crunchbar-peanutbutter,더단백 크런치바 (피넛버터),bar,https://link.coupang.com/a/fg2aVNVstg,app/data/barProductsData.json,/bars | /product/thedanbaek-crunchbar-peanutbutter | /compare | ProductCard | ProductDetailPurchaseActions | CompareTable,0,TRUE,UNKNOWN,STATIC_AFFILIATE_LINK,Direct link.coupang.com link is used as-is; ownership/site cannot be inferred from code.
thedanbaek-mildbar-almondcookie,더단백 마일드바 (아몬드쿠키),bar,https://link.coupang.com/a/fg2b6dldHE,app/data/barProductsData.json,/bars | /product/thedanbaek-mildbar-almondcookie | /compare | ProductCard | ProductDetailPurchaseActions | CompareTable,0,TRUE,UNKNOWN,STATIC_AFFILIATE_LINK,Direct link.coupang.com link is used as-is; ownership/site cannot be inferred from code.
hymune-activebar-nuts,하이뮨 액티브바 (넛츠),bar,https://link.coupang.com/a/fg2cJ4hoZg,app/data/barProductsData.json,/bars | /product/hymune-activebar-nuts | /compare | ProductCard | ProductDetailPurchaseActions | CompareTable,0,TRUE,UNKNOWN,STATIC_AFFILIATE_LINK,Direct link.coupang.com link is used as-is; ownership/site cannot be inferred from code.
mymil-new-proteinbar,마이밀 뉴프로틴바,bar,https://link.coupang.com/a/fg2dxlvoXc,app/data/barProductsData.json,/bars | /product/mymil-new-proteinbar | /compare | ProductCard | ProductDetailPurchaseActions | CompareTable,0,TRUE,UNKNOWN,STATIC_AFFILIATE_LINK,Direct link.coupang.com link is used as-is; ownership/site cannot be inferred from code.
myprotein-soft-lemon-earlgrey,마이프로틴 소프트 단백질바 (레몬 얼그레이),bar,https://link.coupang.com/a/fg2d57avQW,app/data/barProductsData.json,/bars | /product/myprotein-soft-lemon-earlgrey | /compare | ProductCard | ProductDetailPurchaseActions | CompareTable,0,TRUE,UNKNOWN,STATIC_AFFILIATE_LINK,Direct link.coupang.com link is used as-is; ownership/site cannot be inferred from code.
myprotein-soft-caramel-choco,마이프로틴 소프트 단백질바 (카라멜 초코),bar,https://link.coupang.com/a/fg2eFA6KVE,app/data/barProductsData.json,/bars | /product/myprotein-soft-caramel-choco | /compare | ProductCard | ProductDetailPurchaseActions | CompareTable,0,TRUE,UNKNOWN,STATIC_AFFILIATE_LINK,Direct link.coupang.com link is used as-is; ownership/site cannot be inferred from code.
myprotein-soft-strawberry-yogurt,마이프로틴 소프트 단백질바 (딸기 요거트),bar,https://link.coupang.com/a/fg2fgPewxM,app/data/barProductsData.json,/bars | /product/myprotein-soft-strawberry-yogurt | /compare | ProductCard | ProductDetailPurchaseActions | CompareTable,0,TRUE,UNKNOWN,STATIC_AFFILIATE_LINK,Direct link.coupang.com link is used as-is; ownership/site cannot be inferred from code.
proteinbangatgan-harudanbaekbar-jetchococake,프로틴방앗간 하루단백바 (제트초코케이크),bar,https://link.coupang.com/a/fg2fSavbyu,app/data/barProductsData.json,/bars | /product/proteinbangatgan-harudanbaekbar-jetchococake | /compare | ProductCard | ProductDetailPurchaseActions | CompareTable,0,TRUE,UNKNOWN,STATIC_AFFILIATE_LINK,Direct link.coupang.com link is used as-is; ownership/site cannot be inferred from code.
dryou-proteinbar-bite-crunch,닥터유 프로 단백질바 한입쏙 (크런치),bar,https://link.coupang.com/a/fg2gnglJZY,app/data/barProductsData.json,/bars | /product/dryou-proteinbar-bite-crunch | /compare | ProductCard | ProductDetailPurchaseActions | CompareTable,0,TRUE,UNKNOWN,STATIC_AFFILIATE_LINK,Direct link.coupang.com link is used as-is; ownership/site cannot be inferred from code.
dryou-proteinbar-nuts,닥터유 단백질바 (견과),bar,https://link.coupang.com/a/fg2gS63kyG,app/data/barProductsData.json,/bars | /product/dryou-proteinbar-nuts | /compare | ProductCard | ProductDetailPurchaseActions | CompareTable,0,TRUE,UNKNOWN,STATIC_AFFILIATE_LINK,Direct link.coupang.com link is used as-is; ownership/site cannot be inferred from code.
dryou-proteinbar-pro-bite-choco-classic,닥터유 프로 단백질바 한입쏙 (초코 클래식),bar,https://link.coupang.com/a/fg2ioKPOi4,app/data/barProductsData.json,/bars | /product/dryou-proteinbar-pro-bite-choco-classic | /compare | ProductCard | ProductDetailPurchaseActions | CompareTable,0,TRUE,UNKNOWN,STATIC_AFFILIATE_LINK,Direct link.coupang.com link is used as-is; ownership/site cannot be inferred from code.
danbaekhani-protein-bar-choco-38,단백하니 프로틴바 (초코),bar,https://www.coupang.com/vp/products/8802152487?itemId=25631675250&vendorItemId=92621811720&q=%EB%8B%A8%EB%B0%B1%ED%95%98%EB%8B%88%20%ED%94%84%EB%A1%9C%ED%8B%B4%EB%B0%94%20(%EC%B4%88%EC%BD%94)&searchId=b7e3ca38724376&sourceType=search&itemsCount=36&searchRank=0&rank=0&traceId=mmyla392,app/data/barProductsData.json,/bars | /product/danbaekhani-protein-bar-choco-38 | /compare | ProductCard | ProductDetailPurchaseActions | CompareTable,0,FALSE,UNKNOWN,STANDARD_COUPANG_SOURCE,Runtime converts a valid product URL to /api/out/coupang; affiliate attribution depends on deployed credentials and has no site identifier.
danbaekhani-protein-bar-signature-31,단백하니 프로틴바 시그니처,bar,https://www.coupang.com/vp/products/8802146213?itemId=25631627100&vendorItemId=92621759636&q=%EB%8B%A8%EB%B0%B1%ED%95%98%EB%8B%88+%ED%94%84%EB%A1%9C%ED%8B%B4%EB%B0%94+%EC%8B%9C%EA%B7%B8%EB%8B%88%EC%B2%98&searchId=eed4cf69728656&sourceType=search&itemsCount=36&searchRank=0&rank=0&traceId=mmylbilt,app/data/barProductsData.json,/bars | /product/danbaekhani-protein-bar-signature-31 | /compare | ProductCard | ProductDetailPurchaseActions | CompareTable,0,FALSE,UNKNOWN,STANDARD_COUPANG_SOURCE,Runtime converts a valid product URL to /api/out/coupang; affiliate attribution depends on deployed credentials and has no site identifier.
oneuldanbaek-milkchoco-strawberry-bar-48,오늘단백 밀크초코 스트로베리 바,bar,https://link.coupang.com/a/fg2kIuOQPQ,app/data/barProductsData.json,/bars | /product/oneuldanbaek-milkchoco-strawberry-bar-48 | /compare | ProductCard | ProductDetailPurchaseActions | CompareTable,0,TRUE,UNKNOWN,STATIC_AFFILIATE_LINK,Direct link.coupang.com link is used as-is; ownership/site cannot be inferred from code.
oneuldanbaek-milkchoco-cheesecake-bar-48,오늘단백 밀크초코 치즈케이크 바,bar,https://link.coupang.com/a/fg2luAbzlB,app/data/barProductsData.json,/bars | /product/oneuldanbaek-milkchoco-cheesecake-bar-48 | /compare | ProductCard | ProductDetailPurchaseActions | CompareTable,0,TRUE,UNKNOWN,STATIC_AFFILIATE_LINK,Direct link.coupang.com link is used as-is; ownership/site cannot be inferred from code.
oneuldanbaek-milkchoco-caramel-bar-48,오늘단백 밀크초코 카라멜 바,bar,https://link.coupang.com/a/fg2l1yzC8W,app/data/barProductsData.json,/bars | /product/oneuldanbaek-milkchoco-caramel-bar-48 | /compare | ProductCard | ProductDetailPurchaseActions | CompareTable,0,TRUE,UNKNOWN,STATIC_AFFILIATE_LINK,Direct link.coupang.com link is used as-is; ownership/site cannot be inferred from code.
oneuldanbaek-milkchoco-pistachio-bar-48,오늘단백 밀크초코 피스타치오 바,bar,https://link.coupang.com/a/fg2mRMldv2,app/data/barProductsData.json,/bars | /product/oneuldanbaek-milkchoco-pistachio-bar-48 | /compare | ProductCard | ProductDetailPurchaseActions | CompareTable,0,TRUE,UNKNOWN,STATIC_AFFILIATE_LINK,Direct link.coupang.com link is used as-is; ownership/site cannot be inferred from code.
danbaekhani-protein-bar-berry-30,단백하니 프로틴바 (베리),bar,https://www.coupang.com/vp/products/8802155167?itemId=26192923642&vendorItemId=93172255273&q=%EB%8B%A8%EB%B0%B1%ED%95%98%EB%8B%88+%ED%94%84%EB%A1%9C%ED%8B%B4%EB%B0%94+%28%EB%B2%A0%EB%A6%AC%29&searchId=2540a897729015&sourceType=search&itemsCount=36&searchRank=0&rank=0&traceId=mmyl9t83,app/data/barProductsData.json,/bars | /product/danbaekhani-protein-bar-berry-30 | /compare | ProductCard | ProductDetailPurchaseActions | CompareTable,0,FALSE,UNKNOWN,STANDARD_COUPANG_SOURCE,Runtime converts a valid product URL to /api/out/coupang; affiliate attribution depends on deployed credentials and has no site identifier.
danbaekhani-protein-bar-peanutbutter-38,단백하니 프로틴바 (피넛버터),bar,https://www.coupang.com/vp/products/9183196271?itemId=27283149526&vendorItemId=94249810713,app/data/barProductsData.json,/bars | /product/danbaekhani-protein-bar-peanutbutter-38 | /compare | ProductCard | ProductDetailPurchaseActions | CompareTable,0,FALSE,UNKNOWN,STANDARD_COUPANG_SOURCE,Runtime converts a valid product URL to /api/out/coupang; affiliate attribution depends on deployed credentials and has no site identifier.
danbaekhani-protein-bar-matcha-choco-38,단백하니 프로틴바 (말차초코),bar,https://www.coupang.com/vp/products/9238581579?itemId=27316846673&vendorItemId=94995221455,app/data/barProductsData.json,/bars | /product/danbaekhani-protein-bar-matcha-choco-38 | /compare | ProductCard | ProductDetailPurchaseActions | CompareTable,0,FALSE,UNKNOWN,STANDARD_COUPANG_SOURCE,Runtime converts a valid product URL to /api/out/coupang; affiliate attribution depends on deployed credentials and has no site identifier.
labnosh-foodbar-mildchoco,랩노쉬 푸드바 마일드 초코,bar,,app/data/barProductsData.json,/bars | /product/labnosh-foodbar-mildchoco | /compare | ProductCard | ProductDetailPurchaseActions | CompareTable,0,FALSE,UNKNOWN,MISSING_RAW_URL,No raw Coupang URL in product data.
labnosh-cookiebar-milktea-35,랩노쉬 단백쿠키바 밀크티,bar,https://link.coupang.com/a/fg2ra3wwpg,app/data/barProductsData.json,/bars | /product/labnosh-cookiebar-milktea-35 | /compare | ProductCard | ProductDetailPurchaseActions | CompareTable,0,TRUE,UNKNOWN,STATIC_AFFILIATE_LINK,Direct link.coupang.com link is used as-is; ownership/site cannot be inferred from code.
labnosh-cookiebar-blackcookie-35,랩노쉬 단백쿠키바 블랙쿠키,bar,https://link.coupang.com/a/fg2qdoyDpQ,app/data/barProductsData.json,/bars | /product/labnosh-cookiebar-blackcookie-35 | /compare | ProductCard | ProductDetailPurchaseActions | CompareTable,0,TRUE,UNKNOWN,STATIC_AFFILIATE_LINK,Direct link.coupang.com link is used as-is; ownership/site cannot be inferred from code.
labnosh-cookiebar-cookie-cream-35,랩노쉬 단백쿠키바 쿠키앤크림,bar,https://link.coupang.com/a/fg2rPsrAhU,app/data/barProductsData.json,/bars | /product/labnosh-cookiebar-cookie-cream-35 | /compare | ProductCard | ProductDetailPurchaseActions | CompareTable,0,TRUE,UNKNOWN,STATIC_AFFILIATE_LINK,Direct link.coupang.com link is used as-is; ownership/site cannot be inferred from code.
labnosh-cookiebar-peanutbutter-35,랩노쉬 단백쿠키바 피넛버터,bar,https://link.coupang.com/a/fg2swO2kYS,app/data/barProductsData.json,/bars | /product/labnosh-cookiebar-peanutbutter-35 | /compare | ProductCard | ProductDetailPurchaseActions | CompareTable,0,TRUE,UNKNOWN,STATIC_AFFILIATE_LINK,Direct link.coupang.com link is used as-is; ownership/site cannot be inferred from code.
cralo-plant-proteinbar,씨알로 식물성단백질바,bar,https://www.coupang.com/vp/products/6204369926?itemId=12329742710&vendorItemId=92437079941&q=%EC%94%A8%EC%95%8C%EB%A1%9C+%EC%8B%9D%EB%AC%BC%EC%84%B1%EB%8B%A8%EB%B0%B1%EC%A7%88%EB%B0%94&searchId=61f0177e910252&sourceType=search&itemsCount=36&searchRank=0&rank=0&traceId=mmyl8rat,app/data/barProductsData.json,/bars | /product/cralo-plant-proteinbar | /compare | ProductCard | ProductDetailPurchaseActions | CompareTable,0,FALSE,UNKNOWN,STANDARD_COUPANG_SOURCE,Runtime converts a valid product URL to /api/out/coupang; affiliate attribution depends on deployed credentials and has no site identifier.
crown-highprotein-chocobar,크라운 고단백질초코바,bar,,app/data/barProductsData.json,/bars | /product/crown-highprotein-chocobar | /compare | ProductCard | ProductDetailPurchaseActions | CompareTable,0,FALSE,UNKNOWN,MISSING_RAW_URL,No raw Coupang URL in product data.
calobye-daily-nuts-proteinbar,칼로바이 하루견과 단백질바,bar,https://link.coupang.com/a/fg2udlaKLQ,app/data/barProductsData.json,/bars | /product/calobye-daily-nuts-proteinbar | /compare | ProductCard | ProductDetailPurchaseActions | CompareTable,0,TRUE,UNKNOWN,STATIC_AFFILIATE_LINK,Direct link.coupang.com link is used as-is; ownership/site cannot be inferred from code.
organica-ola-chewy-protein-bar-berry-almond-35,올가니카 올라 츄이프로틴바 (베리아몬드),bar,https://link.coupang.com/a/fg2vkuGroy,app/data/barProductsData.json,/bars | /product/organica-ola-chewy-protein-bar-berry-almond-35 | /compare | ProductCard | ProductDetailPurchaseActions | CompareTable,0,TRUE,UNKNOWN,STATIC_AFFILIATE_LINK,Direct link.coupang.com link is used as-is; ownership/site cannot be inferred from code.
kellogg-protein-granolabar-savory,켈로그 프로틴 그래놀라바 (고소한맛),bar,,app/data/barProductsData.json,/bars | /product/kellogg-protein-granolabar-savory | /compare | ProductCard | ProductDetailPurchaseActions | CompareTable,0,FALSE,UNKNOWN,MISSING_RAW_URL,No raw Coupang URL in product data.
kellogg-proteinbark-nuts,켈로그 프로틴바K (견과),bar,https://link.coupang.com/a/fg2vSunljo,app/data/barProductsData.json,/bars | /product/kellogg-proteinbark-nuts | /compare | ProductCard | ProductDetailPurchaseActions | CompareTable,0,TRUE,UNKNOWN,STATIC_AFFILIATE_LINK,Direct link.coupang.com link is used as-is; ownership/site cannot be inferred from code.
kellogg-proteinbark-caramel-nuts,켈로그 프로틴바K (카라멜&넛),bar,https://link.coupang.com/a/fg2yp1YmTk,app/data/barProductsData.json,/bars | /product/kellogg-proteinbark-caramel-nuts | /compare | ProductCard | ProductDetailPurchaseActions | CompareTable,1,TRUE,UNKNOWN,STATIC_AFFILIATE_LINK,Direct link.coupang.com link is used as-is; ownership/site cannot be inferred from code.
kellogg-proteinbark-hazelnut-darkchoco,켈로그 프로틴바K (헤이즐넛&다크초코),bar,https://link.coupang.com/a/fg2yp1YmTk,app/data/barProductsData.json,/bars | /product/kellogg-proteinbark-hazelnut-darkchoco | /compare | ProductCard | ProductDetailPurchaseActions | CompareTable,1,TRUE,UNKNOWN,STATIC_AFFILIATE_LINK,Direct link.coupang.com link is used as-is; ownership/site cannot be inferred from code.
dryou-proteinbar-mini-nuts,닥터유 단백질바 미니 (견과),bar,https://link.coupang.com/a/fg2zh5XV9w,app/data/barProductsData.json,/bars | /product/dryou-proteinbar-mini-nuts | /compare | ProductCard | ProductDetailPurchaseActions | CompareTable,0,TRUE,UNKNOWN,STATIC_AFFILIATE_LINK,Direct link.coupang.com link is used as-is; ownership/site cannot be inferred from code.
organica-ola-chewy-protein-bar-peanut-cacao-35,올가니카 올라 츄이프로틴바 (피넛카카오),bar,https://link.coupang.com/a/fg2Ac4fOx2,app/data/barProductsData.json,/bars | /product/organica-ola-chewy-protein-bar-peanut-cacao-35 | /compare | ProductCard | ProductDetailPurchaseActions | CompareTable,0,TRUE,UNKNOWN,STATIC_AFFILIATE_LINK,Direct link.coupang.com link is used as-is; ownership/site cannot be inferred from code.
post-proteinbar-mini,포스트 단백질바 미니,bar,https://link.coupang.com/a/fg2AN90mC4,app/data/barProductsData.json,/bars | /product/post-proteinbar-mini | /compare | ProductCard | ProductDetailPurchaseActions | CompareTable,0,TRUE,UNKNOWN,STATIC_AFFILIATE_LINK,Direct link.coupang.com link is used as-is; ownership/site cannot be inferred from code.
gomgom-proteinbar-mini,곰곰 단백질바 미니,bar,https://link.coupang.com/a/fg2BkG9d3k,app/data/barProductsData.json,/bars | /product/gomgom-proteinbar-mini | /compare | ProductCard | ProductDetailPurchaseActions | CompareTable,0,TRUE,UNKNOWN,STATIC_AFFILIATE_LINK,Direct link.coupang.com link is used as-is; ownership/site cannot be inferred from code.
nobrand-proteinbar-mini,노브랜드 단백질바 미니,bar,https://link.coupang.com/a/fg2BRZBO4y,app/data/barProductsData.json,/bars | /product/nobrand-proteinbar-mini | /compare | ProductCard | ProductDetailPurchaseActions | CompareTable,0,TRUE,UNKNOWN,STATIC_AFFILIATE_LINK,Direct link.coupang.com link is used as-is; ownership/site cannot be inferred from code.
lottewellfood-easyprotein-highprotein-crispy,롯데웰푸드 이지프로틴 고단백질바 (크리스피),bar,https://link.coupang.com/a/fg2Dx7tij6,app/data/barProductsData.json,/bars | /product/lottewellfood-easyprotein-highprotein-crispy | /compare | ProductCard | ProductDetailPurchaseActions | CompareTable,0,TRUE,UNKNOWN,STATIC_AFFILIATE_LINK,Direct link.coupang.com link is used as-is; ownership/site cannot be inferred from code.
lottewellfood-easyprotein-energy-bar,롯데웰푸드 이지프로틴 에너지단백질바,bar,https://link.coupang.com/a/fg2D9gXEDk,app/data/barProductsData.json,/bars | /product/lottewellfood-easyprotein-energy-bar | /compare | ProductCard | ProductDetailPurchaseActions | CompareTable,0,TRUE,UNKNOWN,STATIC_AFFILIATE_LINK,Direct link.coupang.com link is used as-is; ownership/site cannot be inferred from code.
hymune-protein-balance-bar,하이뮨 프로틴밸런스 단백질바,bar,https://link.coupang.com/a/fg2EKN2Ykm,app/data/barProductsData.json,/bars | /product/hymune-protein-balance-bar | /compare | ProductCard | ProductDetailPurchaseActions | CompareTable,0,TRUE,UNKNOWN,STATIC_AFFILIATE_LINK,Direct link.coupang.com link is used as-is; ownership/site cannot be inferred from code.
myprotein-6layer-triple-chocolate-fudge-60,마이프로틴 6 레이어 프로틴바 (트리플 초콜릿 퍼지),bar,,app/data/barProductsData.json,/bars | /product/myprotein-6layer-triple-chocolate-fudge-60 | /compare | ProductCard | ProductDetailPurchaseActions | CompareTable,0,FALSE,UNKNOWN,MISSING_RAW_URL,No raw Coupang URL in product data.
myprotein-protein-wafer-42,마이프로틴 프로틴 와퍼,bar,https://link.coupang.com/a/fg2FwFnOKG,app/data/barProductsData.json,/bars | /product/myprotein-protein-wafer-42 | /compare | ProductCard | ProductDetailPurchaseActions | CompareTable,0,TRUE,UNKNOWN,STATIC_AFFILIATE_LINK,Direct link.coupang.com link is used as-is; ownership/site cannot be inferred from code.
balance-meal-protein-bar-matcha-choco-38,CJ제일제당 밸런스밀 프로틴바 (말차초코),bar,https://link.coupang.com/a/fg2GbhI0K4,app/data/barProductsData.json,/bars | /product/balance-meal-protein-bar-matcha-choco-38 | /compare | ProductCard | ProductDetailPurchaseActions | CompareTable,0,TRUE,UNKNOWN,STATIC_AFFILIATE_LINK,Direct link.coupang.com link is used as-is; ownership/site cannot be inferred from code.
balance-meal-protein-bar-peanutbutter-34,CJ제일제당 밸런스밀 프로틴바 (피넛버터),bar,https://link.coupang.com/a/fg2GVwHnQO,app/data/barProductsData.json,/bars | /product/balance-meal-protein-bar-peanutbutter-34 | /compare | ProductCard | ProductDetailPurchaseActions | CompareTable,0,TRUE,UNKNOWN,STATIC_AFFILIATE_LINK,Direct link.coupang.com link is used as-is; ownership/site cannot be inferred from code.
gomgom-proteinbar-50,곰곰 단백질바 50g,bar,https://link.coupang.com/a/fg2HvwlIt2,app/data/barProductsData.json,/bars | /product/gomgom-proteinbar-50 | /compare | ProductCard | ProductDetailPurchaseActions | CompareTable,0,TRUE,UNKNOWN,STATIC_AFFILIATE_LINK,Direct link.coupang.com link is used as-is; ownership/site cannot be inferred from code.
ppaeba-realchoco-proteinbar-dark-40,빼바 리얼초콜릿 프로틴바 다크 40g,bar,https://link.coupang.com/a/fg2IbmLplI,app/data/barProductsData.json,/bars | /product/ppaeba-realchoco-proteinbar-dark-40 | /compare | ProductCard | ProductDetailPurchaseActions | CompareTable,0,TRUE,UNKNOWN,STATIC_AFFILIATE_LINK,Direct link.coupang.com link is used as-is; ownership/site cannot be inferred from code.
ppaeba-realchoco-proteinbar-white-40,빼바 리얼초콜릿 프로틴바 화이트 40g,bar,https://link.coupang.com/a/fg2JbiVgYK,app/data/barProductsData.json,/bars | /product/ppaeba-realchoco-proteinbar-white-40 | /compare | ProductCard | ProductDetailPurchaseActions | CompareTable,0,TRUE,UNKNOWN,STATIC_AFFILIATE_LINK,Direct link.coupang.com link is used as-is; ownership/site cannot be inferred from code.
ppaeba-realchoco-proteinbar-cookies-cream-40,빼바 리얼초콜릿 프로틴바 쿠키앤크림 40g,bar,https://link.coupang.com/a/fg2J2if8c8,app/data/barProductsData.json,/bars | /product/ppaeba-realchoco-proteinbar-cookies-cream-40 | /compare | ProductCard | ProductDetailPurchaseActions | CompareTable,0,TRUE,UNKNOWN,STATIC_AFFILIATE_LINK,Direct link.coupang.com link is used as-is; ownership/site cannot be inferred from code.
ppaeba-realchoco-proteinbar-greek-yogurt-40,빼바 리얼초콜릿 프로틴바 그릭요거트 40g,bar,https://link.coupang.com/a/fg2KHk8LGm,app/data/barProductsData.json,/bars | /product/ppaeba-realchoco-proteinbar-greek-yogurt-40 | /compare | ProductCard | ProductDetailPurchaseActions | CompareTable,0,TRUE,UNKNOWN,STATIC_AFFILIATE_LINK,Direct link.coupang.com link is used as-is; ownership/site cannot be inferred from code.
cralo-79-corn-yogurt-bar-25,씨알로 79 콘요구르트바 300g,bar,https://link.coupang.com/a/fg2LkxujmK,app/data/barProductsData.json,/bars | /product/cralo-79-corn-yogurt-bar-25 | /compare | ProductCard | ProductDetailPurchaseActions | CompareTable,0,TRUE,UNKNOWN,STATIC_AFFILIATE_LINK,Direct link.coupang.com link is used as-is; ownership/site cannot be inferred from code.
marketo-nature-oh-granola-proteinbar-40,마켓오네이처 오 그래놀라 단백질바 40g,bar,https://link.coupang.com/a/fg2LOWn92G,app/data/barProductsData.json,/bars | /product/marketo-nature-oh-granola-proteinbar-40 | /compare | ProductCard | ProductDetailPurchaseActions | CompareTable,0,TRUE,UNKNOWN,STATIC_AFFILIATE_LINK,Direct link.coupang.com link is used as-is; ownership/site cannot be inferred from code.
soyjoy-blueberry-30,소이조이 블루베리 30g,bar,https://link.coupang.com/a/fg2Mm06zaS,app/data/barProductsData.json,/bars | /product/soyjoy-blueberry-30 | /compare | ProductCard | ProductDetailPurchaseActions | CompareTable,0,TRUE,UNKNOWN,STATIC_AFFILIATE_LINK,Direct link.coupang.com link is used as-is; ownership/site cannot be inferred from code.
soyjoy-sweetpotato-30,소이조이 스위트포테이토 30g,bar,https://link.coupang.com/a/fg2M5TSzpQ,app/data/barProductsData.json,/bars | /product/soyjoy-sweetpotato-30 | /compare | ProductCard | ProductDetailPurchaseActions | CompareTable,0,TRUE,UNKNOWN,STATIC_AFFILIATE_LINK,Direct link.coupang.com link is used as-is; ownership/site cannot be inferred from code.
soyjoy-strawberry-30,소이조이 스트로베리 30g,bar,https://link.coupang.com/a/fg2NGUGHGC,app/data/barProductsData.json,/bars | /product/soyjoy-strawberry-30 | /compare | ProductCard | ProductDetailPurchaseActions | CompareTable,0,TRUE,UNKNOWN,STATIC_AFFILIATE_LINK,Direct link.coupang.com link is used as-is; ownership/site cannot be inferred from code.
soyjoy-almond-chocolate-30,소이조이 아몬드&초콜릿 30g,bar,https://link.coupang.com/a/fg2OdpfFaC,app/data/barProductsData.json,/bars | /product/soyjoy-almond-chocolate-30 | /compare | ProductCard | ProductDetailPurchaseActions | CompareTable,0,TRUE,UNKNOWN,STATIC_AFFILIATE_LINK,Direct link.coupang.com link is used as-is; ownership/site cannot be inferred from code.
soyjoy-apple-30,소이조이 애플 30g,bar,https://link.coupang.com/a/fg2OTKGCd2,app/data/barProductsData.json,/bars | /product/soyjoy-apple-30 | /compare | ProductCard | ProductDetailPurchaseActions | CompareTable,0,TRUE,UNKNOWN,STATIC_AFFILIATE_LINK,Direct link.coupang.com link is used as-is; ownership/site cannot be inferred from code.
soyjoy-plantbased-macadamia-lemon-25,소이조이 플랜트베이스드 마카다미아&레몬 25g,bar,https://link.coupang.com/a/fg2PBlV0TY,app/data/barProductsData.json,/bars | /product/soyjoy-plantbased-macadamia-lemon-25 | /compare | ProductCard | ProductDetailPurchaseActions | CompareTable,0,TRUE,UNKNOWN,STATIC_AFFILIATE_LINK,Direct link.coupang.com link is used as-is; ownership/site cannot be inferred from code.
soyjoy-plantbased-banana-25,소이조이 플랜트베이스드 바나나 25g,bar,https://link.coupang.com/a/fg2P8yq2bQ,app/data/barProductsData.json,/bars | /product/soyjoy-plantbased-banana-25 | /compare | ProductCard | ProductDetailPurchaseActions | CompareTable,0,TRUE,UNKNOWN,STATIC_AFFILIATE_LINK,Direct link.coupang.com link is used as-is; ownership/site cannot be inferred from code.
soyjoy-fruits-baked-cheese-30,소이조이 후르츠&베이크드치즈 30g,bar,https://link.coupang.com/a/fg2QGkMMZE,app/data/barProductsData.json,/bars | /product/soyjoy-fruits-baked-cheese-30 | /compare | ProductCard | ProductDetailPurchaseActions | CompareTable,0,TRUE,UNKNOWN,STATIC_AFFILIATE_LINK,Direct link.coupang.com link is used as-is; ownership/site cannot be inferred from code.
yopro-plain-150,요프로 요프로 프로틴 설탕무첨가 플레인 요거트 150g,yogurt,https://www.coupang.com/vp/products/9181041542?itemId=27135694124&vendorItemId=94103639497&q=%EC%9A%94%ED%94%84%EB%A1%9C+%ED%94%84%EB%A1%9C%ED%8B%B4+%EC%84%A4%ED%83%95%EB%AC%B4%EC%B2%A8%EA%B0%80+%ED%94%8C%EB%A0%88%EC%9D%B8+%EC%9A%94%EA%B1%B0%ED%8A%B8+150g&searchId=2f1296fb4474231&sourceType=search&itemsCount=36&searchRank=1&rank=1&traceId=mmyv95bv,app/data/yogurtProductsData.json,/yogurts | /product/yopro-plain-150 | /compare | ProductCard | ProductDetailPurchaseActions | CompareTable,0,FALSE,UNKNOWN,STANDARD_COUPANG_SOURCE,Runtime converts a valid product URL to /api/out/coupang; affiliate attribution depends on deployed credentials and has no site identifier.
yopro-blueberry-150,요프로 요프로 프로틴 블루베리 요거트 150g,yogurt,https://www.coupang.com/vp/products/9181041541?itemId=27135693609&vendorItemId=94103639306&pickType=COU_PICK&q=%EC%9A%94%ED%94%84%EB%A1%9C+%ED%94%84%EB%A1%9C%ED%8B%B4+%EB%B8%94%EB%A3%A8%EB%B2%A0%EB%A6%AC+%EC%9A%94%EA%B1%B0%ED%8A%B8+150g&searchId=20e63bca1784784&sourceType=search&itemsCount=36&searchRank=0&rank=0&traceId=mmyv9mse,app/data/yogurtProductsData.json,/yogurts | /product/yopro-blueberry-150 | /compare | ProductCard | ProductDetailPurchaseActions | CompareTable,0,FALSE,UNKNOWN,STANDARD_COUPANG_SOURCE,Runtime converts a valid product URL to /api/out/coupang; affiliate attribution depends on deployed credentials and has no site identifier.
yoplait-protein-blueberry-100,요플레 요플레 프로틴 블루베리 떠먹는 요구르트 100g,yogurt,,app/data/yogurtProductsData.json,/yogurts | /product/yoplait-protein-blueberry-100 | /compare | ProductCard | ProductDetailPurchaseActions | CompareTable,0,FALSE,UNKNOWN,MISSING_RAW_URL,No raw Coupang URL in product data.
yoplait-protein-plain-210,요플레 요플레 프로틴 드링크 플레인 210mL,yogurt,https://www.coupang.com/vp/products/4542348097?itemId=22950129834&vendorItemId=94053885418&q=요플레%20프로틴%20드링크%20플레인%20210mL&searchId=eaa9785a4500454&sourceType=search&itemsCount=36&searchRank=0&rank=0&traceId=mmyvb8kb,app/data/yogurtProductsData.json,/yogurts | /product/yoplait-protein-plain-210 | /compare | ProductCard | ProductDetailPurchaseActions | CompareTable,0,FALSE,UNKNOWN,STANDARD_COUPANG_SOURCE,Runtime converts a valid product URL to /api/out/coupang; affiliate attribution depends on deployed credentials and has no site identifier.
yoplait-protein-strawberry-banana-210,요플레 요플레 프로틴 드링크 딸기바나나 210mL,yogurt,https://www.coupang.com/vp/products/7828219997?itemId=13592033192&vendorItemId=82196265119&q=%EC%9A%94%ED%94%8C%EB%A0%88+%ED%94%84%EB%A1%9C%ED%8B%B4+%EB%93%9C%EB%A7%81%ED%81%AC+%EB%94%B8%EA%B8%B0%EB%B0%94%EB%82%98%EB%82%98+210mL&searchId=c9349e124494544&sourceType=search&itemsCount=36&searchRank=0&rank=0&traceId=mmyvbi49,app/data/yogurtProductsData.json,/yogurts | /product/yoplait-protein-strawberry-banana-210 | /compare | ProductCard | ProductDetailPurchaseActions | CompareTable,0,FALSE,UNKNOWN,STANDARD_COUPANG_SOURCE,Runtime converts a valid product URL to /api/out/coupang; affiliate attribution depends on deployed credentials and has no site identifier.
yoplait-protein-max-210,요플레 요플레 프로틴 MAX 210mL,yogurt,https://www.coupang.com/vp/products/7842498830?itemId=21353027936&vendorItemId=88410649081&q=%EC%9A%94%ED%94%8C%EB%A0%88+%ED%94%84%EB%A1%9C%ED%8B%B4+MAX+210mL&searchId=285cf54f4478679&sourceType=search&itemsCount=36&searchRank=0&rank=0&traceId=mmyvby76,app/data/yogurtProductsData.json,/yogurts | /product/yoplait-protein-max-210 | /compare | ProductCard | ProductDetailPurchaseActions | CompareTable,0,FALSE,UNKNOWN,STANDARD_COUPANG_SOURCE,Runtime converts a valid product URL to /api/out/coupang; affiliate attribution depends on deployed credentials and has no site identifier.
who-greek-plain-80,후디스 후디스 그릭요거트 플레인 80g,yogurt,https://www.coupang.com/vp/products/4938428240?itemId=19079285352&vendorItemId=72900492237&q=%ED%9B%84%EB%94%94%EC%8A%A4+%EA%B7%B8%EB%A6%AD%EC%9A%94%EA%B1%B0%ED%8A%B8+%ED%94%8C%EB%A0%88%EC%9D%B8+80g&searchId=d528eb892453370&sourceType=search&itemsCount=36&searchRank=0&rank=0&traceId=mmyvcju2,app/data/yogurtProductsData.json,/yogurts | /product/who-greek-plain-80 | /compare | ProductCard | ProductDetailPurchaseActions | CompareTable,0,FALSE,UNKNOWN,STANDARD_COUPANG_SOURCE,Runtime converts a valid product URL to /api/out/coupang; affiliate attribution depends on deployed credentials and has no site identifier.
who-greek-plain-450,후디스 후디스 그릭요거트 플레인 450g,yogurt,https://www.coupang.com/vp/products/168835912?itemId=10546415459&vendorItemId=77827885881&pickType=COU_PICK&q=후디스%20그릭요거트%20플레인%20450g&searchId=8a4c04863895078&sourceType=search&itemsCount=36&searchRank=0&rank=0&traceId=mmyvcukn,app/data/yogurtProductsData.json,/yogurts | /product/who-greek-plain-450 | /compare | ProductCard | ProductDetailPurchaseActions | CompareTable,0,FALSE,UNKNOWN,STANDARD_COUPANG_SOURCE,Runtime converts a valid product URL to /api/out/coupang; affiliate attribution depends on deployed credentials and has no site identifier.
maeil-bio-greek-unsweetened-150,매일 바이오 매일 바이오 그릭요거트 무가당 플레인 150g,yogurt,https://www.coupang.com/vp/products/9281513889?itemId=27479763128&vendorItemId=94444935650&q=%EB%A7%A4%EC%9D%BC+%EB%B0%94%EC%9D%B4%EC%98%A4+%EA%B7%B8%EB%A6%AD%EC%9A%94%EA%B1%B0%ED%8A%B8+%EB%AC%B4%EA%B0%80%EB%8B%B9+%ED%94%8C%EB%A0%88%EC%9D%B8+150g&searchId=7d71663b517872&sourceType=search&itemsCount=36&searchRank=0&rank=0&traceId=mmyvd3ly,app/data/yogurtProductsData.json,/yogurts | /product/maeil-bio-greek-unsweetened-150 | /compare | ProductCard | ProductDetailPurchaseActions | CompareTable,0,FALSE,UNKNOWN,STANDARD_COUPANG_SOURCE,Runtime converts a valid product URL to /api/out/coupang; affiliate attribution depends on deployed credentials and has no site identifier.
sangha-organic-greek-unsweetened-80,상하목장 상하목장 유기농 그릭요거트 무가당 플레인 80g,yogurt,https://www.coupang.com/vp/products/8593813440?itemId=24949791948&vendorItemId=91955683966&pickType=COU_PICK&q=상하목장%20유기농%20그릭요거트%20무가당%20플레인%2080g&searchId=d1b1b0ff957960&sourceType=search&itemsCount=36&searchRank=0&rank=0&traceId=mmyvdb5a,app/data/yogurtProductsData.json,/yogurts | /product/sangha-organic-greek-unsweetened-80 | /compare | ProductCard | ProductDetailPurchaseActions | CompareTable,0,FALSE,UNKNOWN,STANDARD_COUPANG_SOURCE,Runtime converts a valid product URL to /api/out/coupang; affiliate attribution depends on deployed credentials and has no site identifier.
pulmuone-dannon-greek-unsweetened-90,풀무원다논 풀무원다논 그릭요거트 무가당 플레인 90g,yogurt,https://www.coupang.com/vp/products/1261683219?itemId=19225059882&vendorItemId=86341716285&pickType=COU_PICK&q=%ED%92%80%EB%AC%B4%EC%9B%90%EB%8B%A4%EB%85%BC+%EA%B7%B8%EB%A6%AD%EC%9A%94%EA%B1%B0%ED%8A%B8+%EB%AC%B4%EA%B0%80%EB%8B%B9+%ED%94%8C%EB%A0%88%EC%9D%B8+90g&searchId=958325b44496456&sourceType=search&itemsCount=36&searchRank=2&rank=2&traceId=mmyvdlxw,app/data/yogurtProductsData.json,/yogurts | /product/pulmuone-dannon-greek-unsweetened-90 | /compare | ProductCard | ProductDetailPurchaseActions | CompareTable,0,FALSE,UNKNOWN,STANDARD_COUPANG_SOURCE,Runtime converts a valid product URL to /api/out/coupang; affiliate attribution depends on deployed credentials and has no site identifier.
yoplait-protein-plain-100,요플레 요플레 프로틴 플레인 떠먹는 요구르트 100g,yogurt,,app/data/yogurtProductsData.json,/yogurts | /product/yoplait-protein-plain-100 | /compare | ProductCard | ProductDetailPurchaseActions | CompareTable,0,FALSE,UNKNOWN,MISSING_RAW_URL,No raw Coupang URL in product data.
sangha-organic-greek-plain-80,상하목장 상하목장 유기농 그릭요거트 플레인 80g,yogurt,https://www.coupang.com/vp/products/8593813433?itemId=24949791853&vendorItemId=91955683918&q=%EC%83%81%ED%95%98%EB%AA%A9%EC%9E%A5+%EC%9C%A0%EA%B8%B0%EB%86%8D+%EA%B7%B8%EB%A6%AD%EC%9A%94%EA%B1%B0%ED%8A%B8+%ED%94%8C%EB%A0%88%EC%9D%B8+80g&searchId=6b2746c6406435&sourceType=search&itemsCount=36&searchRank=2&rank=2&traceId=mmyveq3c,app/data/yogurtProductsData.json,/yogurts | /product/sangha-organic-greek-plain-80 | /compare | ProductCard | ProductDetailPurchaseActions | CompareTable,0,FALSE,UNKNOWN,STANDARD_COUPANG_SOURCE,Runtime converts a valid product URL to /api/out/coupang; affiliate attribution depends on deployed credentials and has no site identifier.
sangha-organic-greek-unsweetened-400,상하목장 상하목장 유기농 그릭요거트 무가당 플레인 400g,yogurt,https://www.coupang.com/vp/products/8566052890?itemId=25438448255&vendorItemId=93564298776&q=상하목장%20유기농%20그릭요거트%20무가당%20플레인%20400g&searchId=4b1d09ce4528725&sourceType=search&itemsCount=36&searchRank=0&rank=0&traceId=mmyvf244,app/data/yogurtProductsData.json,/yogurts | /product/sangha-organic-greek-unsweetened-400 | /compare | ProductCard | ProductDetailPurchaseActions | CompareTable,0,FALSE,UNKNOWN,STANDARD_COUPANG_SOURCE,Runtime converts a valid product URL to /api/out/coupang; affiliate attribution depends on deployed credentials and has no site identifier.
who-highprotein-greek-unsweetened-400,후디스 후디스 고단백 무가당 그릭요거트 400g,yogurt,https://www.coupang.com/vp/products/8566052890?itemId=25438448255&vendorItemId=93564298776&q=%ED%9B%84%EB%94%94%EC%8A%A4+%EA%B3%A0%EB%8B%A8%EB%B0%B1+%EB%AC%B4%EA%B0%80%EB%8B%B9+%EA%B7%B8%EB%A6%AD%EC%9A%94%EA%B1%B0%ED%8A%B8+400g&searchId=5d0cbc644723772&sourceType=search&itemsCount=36&searchRank=0&rank=0&traceId=mmyvfarw,app/data/yogurtProductsData.json,/yogurts | /product/who-highprotein-greek-unsweetened-400 | /compare | ProductCard | ProductDetailPurchaseActions | CompareTable,0,FALSE,UNKNOWN,STANDARD_COUPANG_SOURCE,Runtime converts a valid product URL to /api/out/coupang; affiliate attribution depends on deployed credentials and has no site identifier.
yozm-plain-greek-450,YOZM YOZM 플레인 그릭요거트 450g,yogurt,https://www.coupang.com/vp/products/7706219199?itemId=24373954690&vendorItemId=92227982679&q=YOZM+%ED%94%8C%EB%A0%88%EC%9D%B8+%EA%B7%B8%EB%A6%AD%EC%9A%94%EA%B1%B0%ED%8A%B8+450g&searchId=34022daa1841646&sourceType=search&itemsCount=36&searchRank=0&rank=0&traceId=mmyvfjad,app/data/yogurtProductsData.json,/yogurts | /product/yozm-plain-greek-450 | /compare | ProductCard | ProductDetailPurchaseActions | CompareTable,0,FALSE,UNKNOWN,STANDARD_COUPANG_SOURCE,Runtime converts a valid product URL to /api/out/coupang; affiliate attribution depends on deployed credentials and has no site identifier.
yozm-plain-greek-800,YOZM YOZM 플레인 그릭요거트 800g,yogurt,https://www.coupang.com/vp/products/331527359?itemId=12492311650&vendorItemId=79760989358&pickType=COU_PICK&q=YOZM+%ED%94%8C%EB%A0%88%EC%9D%B8+%EA%B7%B8%EB%A6%AD%EC%9A%94%EA%B1%B0%ED%8A%B8+800g&searchId=6d32ffe94537647&sourceType=search&itemsCount=36&searchRank=0&rank=0&traceId=mmyvft1b,app/data/yogurtProductsData.json,/yogurts | /product/yozm-plain-greek-800 | /compare | ProductCard | ProductDetailPurchaseActions | CompareTable,0,FALSE,UNKNOWN,STANDARD_COUPANG_SOURCE,Runtime converts a valid product URL to /api/out/coupang; affiliate attribution depends on deployed credentials and has no site identifier.
yozm-soft-plain-500,YOZM YOZM 소프트 플레인 500g,yogurt,https://www.coupang.com/vp/products/6919832216?itemId=16705889169&vendorItemId=83888331357&pickType=COU_PICK&q=YOZM+%EC%86%8C%ED%94%84%ED%8A%B8+%ED%94%8C%EB%A0%88%EC%9D%B8+500g&searchId=aa540046995725&sourceType=search&itemsCount=36&searchRank=0&rank=0&traceId=mmyvg28a,app/data/yogurtProductsData.json,/yogurts | /product/yozm-soft-plain-500 | /compare | ProductCard | ProductDetailPurchaseActions | CompareTable,0,FALSE,UNKNOWN,STANDARD_COUPANG_SOURCE,Runtime converts a valid product URL to /api/out/coupang; affiliate attribution depends on deployed credentials and has no site identifier.
greekday-light-100,그릭데이 그릭데이 그릭요거트 라이트 100g,yogurt,https://www.coupang.com/vp/products/5463245073?itemId=8368941696&vendorItemId=75656677392&pickType=COU_PICK&q=%EA%B7%B8%EB%A6%AD%EB%8D%B0%EC%9D%B4+%EA%B7%B8%EB%A6%AD%EC%9A%94%EA%B1%B0%ED%8A%B8+%EB%9D%BC%EC%9D%B4%ED%8A%B8+100g&searchId=a32ff01c2611509&sourceType=search&itemsCount=36&searchRank=1&rank=1&traceId=mmyvga5p,app/data/yogurtProductsData.json,/yogurts | /product/greekday-light-100 | /compare | ProductCard | ProductDetailPurchaseActions | CompareTable,0,FALSE,UNKNOWN,STANDARD_COUPANG_SOURCE,Runtime converts a valid product URL to /api/out/coupang; affiliate attribution depends on deployed credentials and has no site identifier.
greekday-light-450,그릭데이 그릭데이 그릭요거트 라이트 450g,yogurt,https://www.coupang.com/vp/products/7798461431?itemId=14628773109&vendorItemId=77964863727&q=%EA%B7%B8%EB%A6%AD%EB%8D%B0%EC%9D%B4+%EA%B7%B8%EB%A6%AD%EC%9A%94%EA%B1%B0%ED%8A%B8+%EB%9D%BC%EC%9D%B4%ED%8A%B8+450g&searchId=629eecae4527260&sourceType=search&itemsCount=36&searchRank=1&rank=1&traceId=mmyvgka9,app/data/yogurtProductsData.json,/yogurts | /product/greekday-light-450 | /compare | ProductCard | ProductDetailPurchaseActions | CompareTable,0,FALSE,UNKNOWN,STANDARD_COUPANG_SOURCE,Runtime converts a valid product URL to /api/out/coupang; affiliate attribution depends on deployed credentials and has no site identifier.
greekday-light-800,그릭데이 그릭데이 그릭요거트 라이트 800g,yogurt,https://www.coupang.com/vp/products/5463245073?itemId=17468368446&vendorItemId=84636080357&pickType=COU_PICK&q=그릭데이%20그릭요거트%20라이트%20800g&searchId=47cc4c794547067&sourceType=search&itemsCount=36&searchRank=1&rank=1&traceId=mmyvgruo,app/data/yogurtProductsData.json,/yogurts | /product/greekday-light-800 | /compare | ProductCard | ProductDetailPurchaseActions | CompareTable,0,FALSE,UNKNOWN,STANDARD_COUPANG_SOURCE,Runtime converts a valid product URL to /api/out/coupang; affiliate attribution depends on deployed credentials and has no site identifier.
greekday-signature-100,그릭데이 그릭데이 그릭요거트 시그니처 100g,yogurt,https://www.coupang.com/vp/products/5463245022?itemId=19225411927&vendorItemId=86342060152&q=그릭데이%20그릭요거트%20시그니처%20100g&searchId=b6f0a23c4529549&sourceType=search&itemsCount=36&searchRank=2&rank=2&traceId=mmyvh19u,app/data/yogurtProductsData.json,/yogurts | /product/greekday-signature-100 | /compare | ProductCard | ProductDetailPurchaseActions | CompareTable,0,FALSE,UNKNOWN,STANDARD_COUPANG_SOURCE,Runtime converts a valid product URL to /api/out/coupang; affiliate attribution depends on deployed credentials and has no site identifier.
greekday-signature-450,그릭데이 그릭데이 그릭요거트 시그니처 450g,yogurt,https://www.coupang.com/vp/products/5463245022?itemId=17894188425&vendorItemId=85057078619&pickType=COU_PICK&q=%EA%B7%B8%EB%A6%AD%EB%8D%B0%EC%9D%B4+%EA%B7%B8%EB%A6%AD%EC%9A%94%EA%B1%B0%ED%8A%B8+%EC%8B%9C%EA%B7%B8%EB%8B%88%EC%B2%98+450g&searchId=c27b29624552625&sourceType=search&itemsCount=36&searchRank=0&rank=0,app/data/yogurtProductsData.json,/yogurts | /product/greekday-signature-450 | /compare | ProductCard | ProductDetailPurchaseActions | CompareTable,0,FALSE,UNKNOWN,STANDARD_COUPANG_SOURCE,Runtime converts a valid product URL to /api/out/coupang; affiliate attribution depends on deployed credentials and has no site identifier.
greekday-signature-800,그릭데이 그릭데이 그릭요거트 시그니처 800g,yogurt,https://www.coupang.com/vp/products/5463245022?itemId=17468368450&vendorItemId=84636080373&pickType=COU_PICK&q=그릭데이%20그릭요거트%20시그니처%20800g&searchId=5cad5da44557131&sourceType=search&itemsCount=36&searchRank=0&rank=0&traceId=mmyvhpbw,app/data/yogurtProductsData.json,/yogurts | /product/greekday-signature-800 | /compare | ProductCard | ProductDetailPurchaseActions | CompareTable,0,FALSE,UNKNOWN,STANDARD_COUPANG_SOURCE,Runtime converts a valid product URL to /api/out/coupang; affiliate attribution depends on deployed credentials and has no site identifier.
greekday-signature-yuja-100,그릭데이 그릭데이 시그니처 유자 100g,yogurt,https://www.coupang.com/vp/products/8778213677?itemId=25691946275&vendorItemId=92681114018&q=그릭데이%20시그니처%20유자%20100g&searchId=7d6a64fd4558119&sourceType=search&itemsCount=36&searchRank=0&rank=0&traceId=mmyvhxrr,app/data/yogurtProductsData.json,/yogurts | /product/greekday-signature-yuja-100 | /compare | ProductCard | ProductDetailPurchaseActions | CompareTable,0,FALSE,UNKNOWN,STANDARD_COUPANG_SOURCE,Runtime converts a valid product URL to /api/out/coupang; affiliate attribution depends on deployed credentials and has no site identifier.
maeil-bio-greek-unsweetened-400,매일 바이오 매일 바이오 그릭요거트 무가당 플레인 400g,yogurt,https://www.coupang.com/vp/products/6809405272?itemId=18633943476&vendorItemId=91144871051&q=매일%20바이오%20그릭요거트%20무가당%20플레인%20400g&searchId=7740856a2369855&sourceType=search&itemsCount=36&searchRank=0&rank=0&traceId=mmyvi6zb,app/data/yogurtProductsData.json,/yogurts | /product/maeil-bio-greek-unsweetened-400 | /compare | ProductCard | ProductDetailPurchaseActions | CompareTable,0,FALSE,UNKNOWN,STANDARD_COUPANG_SOURCE,Runtime converts a valid product URL to /api/out/coupang; affiliate attribution depends on deployed credentials and has no site identifier.
maeil-bio-greek-unsweetened-80,매일 바이오 매일 바이오 그릭요거트 무가당 플레인 80g,yogurt,https://www.coupang.com/vp/products/8960395129?itemId=13743166161&vendorItemId=80993989084&pickType=COU_PICK&q=%EB%A7%A4%EC%9D%BC+%EB%B0%94%EC%9D%B4%EC%98%A4+%EA%B7%B8%EB%A6%AD%EC%9A%94%EA%B1%B0%ED%8A%B8+%EB%AC%B4%EA%B0%80%EB%8B%B9+%ED%94%8C%EB%A0%88%EC%9D%B8+80g&searchId=4705e73f4558762&sourceType=search&itemsCount=36&searchRank=0&rank=0&traceId=mmyvj2jh,app/data/yogurtProductsData.json,/yogurts | /product/maeil-bio-greek-unsweetened-80 | /compare | ProductCard | ProductDetailPurchaseActions | CompareTable,0,FALSE,UNKNOWN,STANDARD_COUPANG_SOURCE,Runtime converts a valid product URL to /api/out/coupang; affiliate attribution depends on deployed credentials and has no site identifier.
maeil-bio-greek-unsweetened-800,매일 바이오 매일 바이오 그릭요거트 무가당 플레인 800g,yogurt,https://www.coupang.com/vp/products/7216495213?itemId=19225557711&vendorItemId=86342201460&pickType=COU_PICK&q=%EB%A7%A4%EC%9D%BC+%EB%B0%94%EC%9D%B4%EC%98%A4+%EA%B7%B8%EB%A6%AD%EC%9A%94%EA%B1%B0%ED%8A%B8+%EB%AC%B4%EA%B0%80%EB%8B%B9+%ED%94%8C%EB%A0%88%EC%9D%B8+800g&searchId=ad54a40d2539559&sourceType=search&itemsCount=36&searchRank=0&rank=0&traceId=mmyvjg1x,app/data/yogurtProductsData.json,/yogurts | /product/maeil-bio-greek-unsweetened-800 | /compare | ProductCard | ProductDetailPurchaseActions | CompareTable,0,FALSE,UNKNOWN,STANDARD_COUPANG_SOURCE,Runtime converts a valid product URL to /api/out/coupang; affiliate attribution depends on deployed credentials and has no site identifier.
maeil-bio-greek-plain-150,매일 바이오 매일 바이오 그릭요거트 플레인 150g,yogurt,https://www.coupang.com/vp/products/9281513889?itemId=27479763128&vendorItemId=94444935650&q=%EB%A7%A4%EC%9D%BC+%EB%B0%94%EC%9D%B4%EC%98%A4+%EA%B7%B8%EB%A6%AD%EC%9A%94%EA%B1%B0%ED%8A%B8+%ED%94%8C%EB%A0%88%EC%9D%B8+150g&searchId=f642a3843961587&sourceType=search&itemsCount=36&searchRank=0&rank=0&traceId=mmyvjqhz,app/data/yogurtProductsData.json,/yogurts | /product/maeil-bio-greek-plain-150 | /compare | ProductCard | ProductDetailPurchaseActions | CompareTable,0,FALSE,UNKNOWN,STANDARD_COUPANG_SOURCE,Runtime converts a valid product URL to /api/out/coupang; affiliate attribution depends on deployed credentials and has no site identifier.
maeil-bio-greek-plain-400,매일 바이오 매일 바이오 그릭요거트 플레인 400g,yogurt,https://www.coupang.com/vp/products/8787833517?itemId=25584183005&vendorItemId=92575077399&q=%EB%A7%A4%EC%9D%BC+%EB%B0%94%EC%9D%B4%EC%98%A4+%EA%B7%B8%EB%A6%AD%EC%9A%94%EA%B1%B0%ED%8A%B8+%ED%94%8C%EB%A0%88%EC%9D%B8+400g&searchId=742a939a4557970&sourceType=search&itemsCount=36&searchRank=2&rank=2&traceId=mmyvk3on,app/data/yogurtProductsData.json,/yogurts | /product/maeil-bio-greek-plain-400 | /compare | ProductCard | ProductDetailPurchaseActions | CompareTable,0,FALSE,UNKNOWN,STANDARD_COUPANG_SOURCE,Runtime converts a valid product URL to /api/out/coupang; affiliate attribution depends on deployed credentials and has no site identifier.
maeil-bio-greek-delight-banana-80,매일 바이오 매일 바이오 그릭요거트 Delight 바나나 80g,yogurt,https://www.coupang.com/vp/products/8705370880?itemId=25288980987&vendorItemId=92284450185&pickType=COU_PICK&q=%EB%A7%A4%EC%9D%BC+%EB%B0%94%EC%9D%B4%EC%98%A4+%EA%B7%B8%EB%A6%AD%EC%9A%94%EA%B1%B0%ED%8A%B8+Delight+%EB%B0%94%EB%82%98%EB%82%98+80g&searchId=66d47f8e2640493&sourceType=search&itemsCount=36&searchRank=0&rank=0&traceId=mmyvkg18,app/data/yogurtProductsData.json,/yogurts | /product/maeil-bio-greek-delight-banana-80 | /compare | ProductCard | ProductDetailPurchaseActions | CompareTable,0,FALSE,UNKNOWN,STANDARD_COUPANG_SOURCE,Runtime converts a valid product URL to /api/out/coupang; affiliate attribution depends on deployed credentials and has no site identifier.
maeil-bio-greek-togo-plain-120,매일 바이오 매일 바이오 그릭요거트 to go 플레인 120g,yogurt,https://www.coupang.com/vp/products/8312114740?itemId=27988823442&vendorItemId=94946464409&q=%EB%A7%A4%EC%9D%BC+%EB%B0%94%EC%9D%B4%EC%98%A4+%EA%B7%B8%EB%A6%AD%EC%9A%94%EA%B1%B0%ED%8A%B8+to+go+%ED%94%8C%EB%A0%88%EC%9D%B8+120g&searchId=df9b57cc4580462&sourceType=search&itemsCount=36&searchRank=0&rank=0&traceId=mmyvks4e,app/data/yogurtProductsData.json,/yogurts | /product/maeil-bio-greek-togo-plain-120 | /compare | ProductCard | ProductDetailPurchaseActions | CompareTable,0,FALSE,UNKNOWN,STANDARD_COUPANG_SOURCE,Runtime converts a valid product URL to /api/out/coupang; affiliate attribution depends on deployed credentials and has no site identifier.
maeil-bio-greek-togo-honey-120,매일 바이오 매일 바이오 그릭요거트 to go 허니 120g,yogurt,https://www.coupang.com/vp/products/8310404657?itemId=28029010707&vendorItemId=94986131697&q=매일%20바이오%20그릭요거트%20to%20go%20허니%20120g&searchId=b31127694087891&sourceType=search&itemsCount=36&searchRank=0&rank=0,app/data/yogurtProductsData.json,/yogurts | /product/maeil-bio-greek-togo-honey-120 | /compare | ProductCard | ProductDetailPurchaseActions | CompareTable,0,FALSE,UNKNOWN,STANDARD_COUPANG_SOURCE,Runtime converts a valid product URL to /api/out/coupang; affiliate attribution depends on deployed credentials and has no site identifier.
maeil-bio-greek-drink-plain-190,매일 바이오 매일 바이오 그릭요거트 Drink 플레인 190mL,yogurt,https://www.coupang.com/vp/products/8700623501?itemId=25312670423&vendorItemId=92307757067&pickType=COU_PICK&q=매일%20바이오%20그릭요거트%20Drink%20플레인%20190mL&searchId=8ae5a8e83490693&sourceType=search&itemsCount=36&searchRank=3&rank=3&traceId=mmyvm06x,app/data/yogurtProductsData.json,/yogurts | /product/maeil-bio-greek-drink-plain-190 | /compare | ProductCard | ProductDetailPurchaseActions | CompareTable,0,FALSE,UNKNOWN,STANDARD_COUPANG_SOURCE,Runtime converts a valid product URL to /api/out/coupang; affiliate attribution depends on deployed credentials and has no site identifier.
maeil-bio-greek-drink-banana-190,매일 바이오 매일 바이오 그릭요거트 Drink 바나나 190mL,yogurt,https://www.coupang.com/vp/products/8713507821?itemId=26321435417&vendorItemId=94493433957&q=%EB%A7%A4%EC%9D%BC+%EB%B0%94%EC%9D%B4%EC%98%A4+%EA%B7%B8%EB%A6%AD%EC%9A%94%EA%B1%B0%ED%8A%B8+Drink+%EB%B0%94%EB%82%98%EB%82%98+190mL&searchId=c2ba98724582587&sourceType=search&itemsCount=36&searchRank=2&rank=2&traceId=mmyvmccp,app/data/yogurtProductsData.json,/yogurts | /product/maeil-bio-greek-drink-banana-190 | /compare | ProductCard | ProductDetailPurchaseActions | CompareTable,0,FALSE,UNKNOWN,STANDARD_COUPANG_SOURCE,Runtime converts a valid product URL to /api/out/coupang; affiliate attribution depends on deployed credentials and has no site identifier.
maeil-bio-greek-drink-unsweetened-710,매일 바이오 매일 바이오 그릭요거트 Drink 무가당 플레인 710mL,yogurt,https://www.coupang.com/vp/products/8700623491?itemId=25312670392&vendorItemId=92307757040&pickType=COU_PICK&q=매일%20바이오%20그릭요거트%20Drink%20무가당%20플레인%20710mL&searchId=5bcf46ae610164&sourceType=search&itemsCount=36&searchRank=0&rank=0&traceId=mmyvmmqv,app/data/yogurtProductsData.json,/yogurts | /product/maeil-bio-greek-drink-unsweetened-710 | /compare | ProductCard | ProductDetailPurchaseActions | CompareTable,0,FALSE,UNKNOWN,STANDARD_COUPANG_SOURCE,Runtime converts a valid product URL to /api/out/coupang; affiliate attribution depends on deployed credentials and has no site identifier.
maeil-bio-greek-drink-plain-710,매일 바이오 매일 바이오 그릭요거트 Drink 플레인 710mL,yogurt,https://www.coupang.com/vp/products/8700623491?itemId=25312670392&vendorItemId=92307757040&pickType=COU_PICK&q=%EB%A7%A4%EC%9D%BC%20%EB%B0%94%EC%9D%B4%EC%98%A4%20%EA%B7%B8%EB%A6%AD%EC%9A%94%EA%B1%B0%ED%8A%B8%20Drink%20%EB%AC%B4%EA%B0%80%EB%8B%B9%20%ED%94%8C%EB%A0%88%EC%9D%B8%20710mL&searchId=5bcf46ae610164&sourceType=search&itemsCount=36&searchRank=0&rank=0&traceId=mmyvo3pp,app/data/yogurtProductsData.json,/yogurts | /product/maeil-bio-greek-drink-plain-710 | /compare | ProductCard | ProductDetailPurchaseActions | CompareTable,0,FALSE,UNKNOWN,STANDARD_COUPANG_SOURCE,Runtime converts a valid product URL to /api/out/coupang; affiliate attribution depends on deployed credentials and has no site identifier.
maeil-bio-greek-drink-banana-710,매일 바이오 매일 바이오 그릭요거트 Drink 바나나 710mL,yogurt,https://www.coupang.com/vp/products/8700604294?itemId=25265378481&vendorItemId=92261189320&q=%EB%A7%A4%EC%9D%BC+%EB%B0%94%EC%9D%B4%EC%98%A4+%EA%B7%B8%EB%A6%AD%EC%9A%94%EA%B1%B0%ED%8A%B8+Drink+%EB%B0%94%EB%82%98%EB%82%98+710mL&searchId=0a74e16b4605105&sourceType=search&itemsCount=36&searchRank=0&rank=0&traceId=mmyvodf9,app/data/yogurtProductsData.json,/yogurts | /product/maeil-bio-greek-drink-banana-710 | /compare | ProductCard | ProductDetailPurchaseActions | CompareTable,0,FALSE,UNKNOWN,STANDARD_COUPANG_SOURCE,Runtime converts a valid product URL to /api/out/coupang; affiliate attribution depends on deployed credentials and has no site identifier.
sangha-organic-greek-apple-kale-120,상하목장 상하목장 유기농 그릭요거트 사과&케일 120g,yogurt,https://www.coupang.com/vp/products/8310686156?itemId=24017155081&vendorItemId=91037760522&q=상하목장%20유기농%20그릭요거트%20사과&케일%20120g&searchId=bde7f3b74622932&sourceType=search&itemsCount=36&searchRank=0&rank=0&traceId=mmyvomd1,app/data/yogurtProductsData.json,/yogurts | /product/sangha-organic-greek-apple-kale-120 | /compare | ProductCard | ProductDetailPurchaseActions | CompareTable,0,FALSE,UNKNOWN,STANDARD_COUPANG_SOURCE,Runtime converts a valid product URL to /api/out/coupang; affiliate attribution depends on deployed credentials and has no site identifier.
sangha-organic-greek-blueberry-kale-120,상하목장 상하목장 유기농 그릭요거트 블루베리&케일 120g,yogurt,https://www.coupang.com/vp/products/8310686192?itemId=24017155135&vendorItemId=91037760602&pickType=COU_PICK&q=상하목장%20유기농%20그릭요거트%20블루베리&케일%20120g&searchId=5b3db34f4624978&sourceType=search&itemsCount=36&searchRank=0&rank=0&traceId=mmyvovia,app/data/yogurtProductsData.json,/yogurts | /product/sangha-organic-greek-blueberry-kale-120 | /compare | ProductCard | ProductDetailPurchaseActions | CompareTable,0,FALSE,UNKNOWN,STANDARD_COUPANG_SOURCE,Runtime converts a valid product URL to /api/out/coupang; affiliate attribution depends on deployed credentials and has no site identifier.
who-organic-greek-unsweetened-450,후디스 후디스 유기농 그릭요거트 달지않은 플레인 450g,yogurt,https://www.coupang.com/vp/products/8239274980?itemId=23712766463&vendorItemId=90737719026&pickType=COU_PICK&q=%ED%9B%84%EB%94%94%EC%8A%A4+%EC%9C%A0%EA%B8%B0%EB%86%8D+%EA%B7%B8%EB%A6%AD%EC%9A%94%EA%B1%B0%ED%8A%B8+%EB%8B%AC%EC%A7%80%EC%95%8A%EC%9D%80+%ED%94%8C%EB%A0%88%EC%9D%B8+450g&searchId=f20b61894626637&sourceType=search&itemsCount=36&searchRank=0&rank=0&traceId=mmyvp4z3,app/data/yogurtProductsData.json,/yogurts | /product/who-organic-greek-unsweetened-450 | /compare | ProductCard | ProductDetailPurchaseActions | CompareTable,0,FALSE,UNKNOWN,STANDARD_COUPANG_SOURCE,Runtime converts a valid product URL to /api/out/coupang; affiliate attribution depends on deployed credentials and has no site identifier.
lookt-icelandic-mild-100,룩트 룩트 아이슬란딕 요거트 마일드 100g,yogurt,https://www.coupang.com/vp/products/6970727970?itemId=12021463794&vendorItemId=79293779379&q=%EB%A3%A9%ED%8A%B8+%EC%95%84%EC%9D%B4%EC%8A%AC%EB%9E%80%EB%94%95+%EC%9A%94%EA%B1%B0%ED%8A%B8+%EB%A7%88%EC%9D%BC%EB%93%9C+100g&searchId=bac3f9a54820576&sourceType=search&itemsCount=36&searchRank=1&rank=1&traceId=mmyvpglx,app/data/yogurtProductsData.json,/yogurts | /product/lookt-icelandic-mild-100 | /compare | ProductCard | ProductDetailPurchaseActions | CompareTable,0,FALSE,UNKNOWN,STANDARD_COUPANG_SOURCE,Runtime converts a valid product URL to /api/out/coupang; affiliate attribution depends on deployed credentials and has no site identifier.
lookt-icelandic-thick-100,룩트 룩트 아이슬란딕 요거트 띠크 100g,yogurt,https://www.coupang.com/vp/products/6168224572?itemId=12021463814&vendorItemId=79293779405&pickType=COU_PICK&q=룩트%20아이슬란딕%20요거트%20띠크%20100g&searchId=a30493bd2581833&sourceType=search&itemsCount=36&searchRank=1&rank=1&traceId=mmyvpqeq,app/data/yogurtProductsData.json,/yogurts | /product/lookt-icelandic-thick-100 | /compare | ProductCard | ProductDetailPurchaseActions | CompareTable,0,FALSE,UNKNOWN,STANDARD_COUPANG_SOURCE,Runtime converts a valid product URL to /api/out/coupang; affiliate attribution depends on deployed credentials and has no site identifier.
lookt-icelandic-mild-450,룩트 룩트 아이슬란딕 요거트 마일드 450g,yogurt,https://www.coupang.com/vp/products/6970727970?itemId=17002046702&vendorItemId=84178011603&q=%EB%A3%A9%ED%8A%B8+%EC%95%84%EC%9D%B4%EC%8A%AC%EB%9E%80%EB%94%95+%EC%9A%94%EA%B1%B0%ED%8A%B8+%EB%A7%88%EC%9D%BC%EB%93%9C+450g&searchId=979f614c2716210&sourceType=search&itemsCount=36&searchRank=1&rank=1&traceId=mmyvpyqr,app/data/yogurtProductsData.json,/yogurts | /product/lookt-icelandic-mild-450 | /compare | ProductCard | ProductDetailPurchaseActions | CompareTable,0,FALSE,UNKNOWN,STANDARD_COUPANG_SOURCE,Runtime converts a valid product URL to /api/out/coupang; affiliate attribution depends on deployed credentials and has no site identifier.
lookt-icelandic-thick-450,룩트 룩트 아이슬란딕 요거트 띠크 450g,yogurt,https://www.coupang.com/vp/products/6168224572?itemId=17002047120&vendorItemId=84178012869&pickType=COU_PICK&sourceType=srp_product_ads&clickEventId=e3d316e0-2458-11f1-974c-08ece94d0dc0&korePlacement=15&koreSubPlacement=1&clickEventId=e3d316e0-2458-11f1-974c-08ece94d0dc0&korePlacement=15&koreSubPlacement=1&traceId=mmyvq7rv,app/data/yogurtProductsData.json,/yogurts | /product/lookt-icelandic-thick-450 | /compare | ProductCard | ProductDetailPurchaseActions | CompareTable,0,FALSE,UNKNOWN,STANDARD_COUPANG_SOURCE,Runtime converts a valid product URL to /api/out/coupang; affiliate attribution depends on deployed credentials and has no site identifier.
yozm-blueberry-compote-130,YOZM YOZM 그릭요거트 블루베리 콩포트 130g,yogurt,https://www.coupang.com/vp/products/6941706301?itemId=19225634254&vendorItemId=86342275913&pickType=COU_PICK&q=YOZM+%EA%B7%B8%EB%A6%AD%EC%9A%94%EA%B1%B0%ED%8A%B8+%EB%B8%94%EB%A3%A8%EB%B2%A0%EB%A6%AC+%EC%BD%A9%ED%8F%AC%ED%8A%B8+130g&searchId=f74254b91700330&sourceType=search&itemsCount=36&searchRank=0&rank=0&traceId=mn8nji0o,app/data/yogurtProductsData.json,/yogurts | /product/yozm-blueberry-compote-130 | /compare | ProductCard | ProductDetailPurchaseActions | CompareTable,0,FALSE,UNKNOWN,STANDARD_COUPANG_SOURCE,Runtime converts a valid product URL to /api/out/coupang; affiliate attribution depends on deployed credentials and has no site identifier.
yozm-strawberry-compote-130,YOZM YOZM 그릭요거트 스트로베리 콩포트 130g,yogurt,https://www.coupang.com/vp/products/9449131609?itemId=28108889931&vendorItemId=95064910245&q=YOZM+%EA%B7%B8%EB%A6%AD%EC%9A%94%EA%B1%B0%ED%8A%B8+%EC%8A%A4%ED%8A%B8%EB%A1%9C%EB%B2%A0%EB%A6%AC+%EC%BD%A9%ED%8F%AC%ED%8A%B8+130g&searchId=89c7f8381254599&sourceType=search&itemsCount=36&searchRank=0&rank=0&traceId=mn8njth1,app/data/yogurtProductsData.json,/yogurts | /product/yozm-strawberry-compote-130 | /compare | ProductCard | ProductDetailPurchaseActions | CompareTable,0,FALSE,UNKNOWN,STANDARD_COUPANG_SOURCE,Runtime converts a valid product URL to /api/out/coupang; affiliate attribution depends on deployed credentials and has no site identifier.
yozm-apple-cinnamon-130,YOZM YOZM 그릭요거트 애플시나몬 130g,yogurt,https://www.coupang.com/vp/products/8744851239?itemId=27391192182&vendorItemId=94356984474&q=YOZM+%EA%B7%B8%EB%A6%AD%EC%9A%94%EA%B1%B0%ED%8A%B8+%EC%95%A0%ED%94%8C%EC%8B%9C%EB%82%98%EB%AA%AC+130g&searchId=a54abd522441953&sourceType=search&itemsCount=36&searchRank=1&rank=1&traceId=mn8nk6lt,app/data/yogurtProductsData.json,/yogurts | /product/yozm-apple-cinnamon-130 | /compare | ProductCard | ProductDetailPurchaseActions | CompareTable,0,FALSE,UNKNOWN,STANDARD_COUPANG_SOURCE,Runtime converts a valid product URL to /api/out/coupang; affiliate attribution depends on deployed credentials and has no site identifier.
yozm-choco-cranola-120,YOZM YOZM 그릭요거트 초코 크래놀라 120g,yogurt,https://www.coupang.com/vp/products/8603770365?itemId=24990321066&vendorItemId=91995694303&q=YOZM%20%EA%B7%B8%EB%A6%AD%EC%9A%94%EA%B1%B0%ED%8A%B8%20%EC%B4%88%EC%BD%94%20%ED%81%AC%EB%9E%98%EB%86%80%EB%9D%BC%20120g&searchId=d66fe5352431002&sourceType=search&itemsCount=36&searchRank=2&rank=2&traceId=mn8nkska,app/data/yogurtProductsData.json,/yogurts | /product/yozm-choco-cranola-120 | /compare | ProductCard | ProductDetailPurchaseActions | CompareTable,0,FALSE,UNKNOWN,STANDARD_COUPANG_SOURCE,Runtime converts a valid product URL to /api/out/coupang; affiliate attribution depends on deployed credentials and has no site identifier.
yozm-cacao-granola-120,YOZM YOZM 그릭요거트 카카오 그래놀라 120g,yogurt,https://www.coupang.com/vp/products/6919833096?itemId=19233868128&vendorItemId=86350321522&q=YOZM+%EA%B7%B8%EB%A6%AD%EC%9A%94%EA%B1%B0%ED%8A%B8+%EC%B4%88%EC%BD%94+%ED%81%AC%EB%9E%98%EB%86%80%EB%9D%BC+120g&searchId=d66fe5352431002&sourceType=search&itemsCount=36&searchRank=0&rank=0&traceId=mn8nkfc5,app/data/yogurtProductsData.json,/yogurts | /product/yozm-cacao-granola-120 | /compare | ProductCard | ProductDetailPurchaseActions | CompareTable,0,FALSE,UNKNOWN,STANDARD_COUPANG_SOURCE,Runtime converts a valid product URL to /api/out/coupang; affiliate attribution depends on deployed credentials and has no site identifier.
yozm-cafe-latte-100,YOZM YOZM 그릭요거트 카페라떼 100g,yogurt,https://www.coupang.com/vp/products/9155961457?itemId=26964737551&vendorItemId=93933686886&q=YOZM+%EA%B7%B8%EB%A6%AD%EC%9A%94%EA%B1%B0%ED%8A%B8+%EC%B9%B4%ED%8E%98%EB%9D%BC%EB%96%BC+100g&searchId=0ac988482433245&sourceType=search&itemsCount=36&searchRank=1&rank=1&traceId=mn8nl290,app/data/yogurtProductsData.json,/yogurts | /product/yozm-cafe-latte-100 | /compare | ProductCard | ProductDetailPurchaseActions | CompareTable,0,FALSE,UNKNOWN,STANDARD_COUPANG_SOURCE,Runtime converts a valid product URL to /api/out/coupang; affiliate attribution depends on deployed credentials and has no site identifier.
yozm-crispy-granola-120,YOZM YOZM 그릭요거트 크리스피 그래놀라 120g,yogurt,https://www.coupang.com/vp/products/6919833096?itemId=19233868128&vendorItemId=86350321522&q=YOZM%20그릭요거트%20크리스피%20그래놀라%20120g&searchId=cd8615c42441301&sourceType=search&itemsCount=36&searchRank=2&rank=2&traceId=mn8nlify,app/data/yogurtProductsData.json,/yogurts | /product/yozm-crispy-granola-120 | /compare | ProductCard | ProductDetailPurchaseActions | CompareTable,0,FALSE,UNKNOWN,STANDARD_COUPANG_SOURCE,Runtime converts a valid product URL to /api/out/coupang; affiliate attribution depends on deployed credentials and has no site identifier.
yozm-oh-granola-low-sugar-115,YOZM YOZM 오! 그래놀라 저당 그릭요거트 115g,yogurt,https://www.coupang.com/vp/products/9071774255?itemId=26642437310&vendorItemId=93625442795&q=YOZM%20%EC%98%A4!%20%EA%B7%B8%EB%9E%98%EB%86%80%EB%9D%BC%20%EC%A0%80%EB%8B%B9%20%EA%B7%B8%EB%A6%AD%EC%9A%94%EA%B1%B0%ED%8A%B8%20115g&searchId=891fa8ac2438545&sourceType=search&itemsCount=36&searchRank=2&rank=2&traceId=mn8nlqkl,app/data/yogurtProductsData.json,/yogurts | /product/yozm-oh-granola-low-sugar-115 | /compare | ProductCard | ProductDetailPurchaseActions | CompareTable,0,FALSE,UNKNOWN,STANDARD_COUPANG_SOURCE,Runtime converts a valid product URL to /api/out/coupang; affiliate attribution depends on deployed credentials and has no site identifier.
yozm-low-sugar-matcha-100,YOZM YOZM 저당 그릭요거트 말차 100g,yogurt,https://www.coupang.com/vp/products/9150768333?itemId=27003096941&vendorItemId=93971799675&pickType=COU_PICK&q=YOZM%20저당%20그릭요거트%20말차%20100g&searchId=0ebe94ef2461572&sourceType=search&itemsCount=36&searchRank=0&rank=0&traceId=mn8nm0lw,app/data/yogurtProductsData.json,/yogurts | /product/yozm-low-sugar-matcha-100 | /compare | ProductCard | ProductDetailPurchaseActions | CompareTable,0,FALSE,UNKNOWN,STANDARD_COUPANG_SOURCE,Runtime converts a valid product URL to /api/out/coupang; affiliate attribution depends on deployed credentials and has no site identifier.
kirkland-greek-plain-907,커클랜드 커클랜드 그릭요거트 플레인 907g,yogurt,https://www.coupang.com/vp/products/249357928?itemId=27274528793&vendorItemId=94241241790&q=%EC%BB%A4%ED%81%B4%EB%9E%9C%EB%93%9C+%EA%B7%B8%EB%A6%AD%EC%9A%94%EA%B1%B0%ED%8A%B8+%ED%94%8C%EB%A0%88%EC%9D%B8+907g&searchId=3cb3be2510324097&sourceType=search&itemsCount=36&searchRank=2&rank=2&traceId=mnpsedw1,app/data/yogurtProductsData.json,/yogurts | /product/kirkland-greek-plain-907 | /compare | ProductCard | ProductDetailPurchaseActions | CompareTable,0,FALSE,UNKNOWN,STANDARD_COUPANG_SOURCE,Runtime converts a valid product URL to /api/out/coupang; affiliate attribution depends on deployed credentials and has no site identifier.
who-organic-greek-plain-480,후디스 후디스 유기농 그릭요거트 플레인 480g,yogurt,https://www.coupang.com/vp/products/4996524796?itemId=6671892225&vendorItemId=73965622624&pickType=COU_PICK&q=%ED%9B%84%EB%94%94%EC%8A%A4+%EC%9C%A0%EA%B8%B0%EB%86%8D+%EA%B7%B8%EB%A6%AD%EC%9A%94%EA%B1%B0%ED%8A%B8+%ED%94%8C%EB%A0%88%EC%9D%B8+480g&searchId=d1e4709b9159719&sourceType=search&itemsCount=36&searchRank=1&rank=1&traceId=mnpsesqj,app/data/yogurtProductsData.json,/yogurts | /product/who-organic-greek-plain-480 | /compare | ProductCard | ProductDetailPurchaseActions | CompareTable,0,FALSE,UNKNOWN,STANDARD_COUPANG_SOURCE,Runtime converts a valid product URL to /api/out/coupang; affiliate attribution depends on deployed credentials and has no site identifier.
denmark-high-greek-400,덴마크 덴마크 하이 그릭요거트 400g,yogurt,https://www.coupang.com/vp/products/8564152398?itemId=24810245578&vendorItemId=91817799894&q=%EB%8D%B4%EB%A7%88%ED%81%AC+%ED%95%98%EC%9D%B4+%EA%B7%B8%EB%A6%AD%EC%9A%94%EA%B1%B0%ED%8A%B8+400g&searchId=54b4925d9456206&sourceType=search&itemsCount=36&searchRank=1&rank=1&traceId=mnpsf9r1,app/data/yogurtProductsData.json,/yogurts | /product/denmark-high-greek-400 | /compare | ProductCard | ProductDetailPurchaseActions | CompareTable,0,FALSE,UNKNOWN,STANDARD_COUPANG_SOURCE,Runtime converts a valid product URL to /api/out/coupang; affiliate attribution depends on deployed credentials and has no site identifier.
flymill-proteinshake-choco-45,플라이밀 단백질 쉐이크 (초코),shake,https://link.coupang.com/a/fgZKPZdcoC,app/data/shakeProductsData.json,/shakes | /product/flymill-proteinshake-choco-45 | /compare | ProductCard | ProductDetailPurchaseActions | CompareTable,0,TRUE,UNKNOWN,STATIC_AFFILIATE_LINK,Direct link.coupang.com link is used as-is; ownership/site cannot be inferred from code.
labnosh-slimshake-double-choco-45,랩노쉬 슬림쉐이크 (더블초코),shake,https://link.coupang.com/a/fgZMPP3Et2,app/data/shakeProductsData.json,/shakes | /product/labnosh-slimshake-double-choco-45 | /compare | ProductCard | ProductDetailPurchaseActions | CompareTable,0,TRUE,UNKNOWN,STATIC_AFFILIATE_LINK,Direct link.coupang.com link is used as-is; ownership/site cannot be inferred from code.
danbaekhani-proteinshake-signature-40,단백하니 단백질 쉐이크 (시그니처),shake,https://link.coupang.com/a/fgZOnjeVTo,app/data/shakeProductsData.json,/shakes | /product/danbaekhani-proteinshake-signature-40 | /compare | ProductCard | ProductDetailPurchaseActions | CompareTable,0,TRUE,UNKNOWN,STATIC_AFFILIATE_LINK,Direct link.coupang.com link is used as-is; ownership/site cannot be inferred from code.
flymill-proteinshake-banana-45,플라이밀 단백질 쉐이크 (바나나),shake,https://link.coupang.com/a/fgZPvO8Lg4,app/data/shakeProductsData.json,/shakes | /product/flymill-proteinshake-banana-45 | /compare | ProductCard | ProductDetailPurchaseActions | CompareTable,0,TRUE,UNKNOWN,STATIC_AFFILIATE_LINK,Direct link.coupang.com link is used as-is; ownership/site cannot be inferred from code.
labnosh-slimshake-injeolmi-45,랩노쉬 슬림쉐이크 (인절미),shake,https://link.coupang.com/a/fgZQti2ibY,app/data/shakeProductsData.json,/shakes | /product/labnosh-slimshake-injeolmi-45 | /compare | ProductCard | ProductDetailPurchaseActions | CompareTable,0,TRUE,UNKNOWN,STATIC_AFFILIATE_LINK,Direct link.coupang.com link is used as-is; ownership/site cannot be inferred from code.
danbaekhani-proteinshake-choco-40,단백하니 단백질 쉐이크 (초코),shake,https://link.coupang.com/a/fgZRywLx2y,app/data/shakeProductsData.json,/shakes | /product/danbaekhani-proteinshake-choco-40 | /compare | ProductCard | ProductDetailPurchaseActions | CompareTable,0,TRUE,UNKNOWN,STATIC_AFFILIATE_LINK,Direct link.coupang.com link is used as-is; ownership/site cannot be inferred from code.
flymill-proteinshake-strawberry-45,플라이밀 단백질 쉐이크 (딸기),shake,https://link.coupang.com/a/fgZSGxN5fU,app/data/shakeProductsData.json,/shakes | /product/flymill-proteinshake-strawberry-45 | /compare | ProductCard | ProductDetailPurchaseActions | CompareTable,0,TRUE,UNKNOWN,STATIC_AFFILIATE_LINK,Direct link.coupang.com link is used as-is; ownership/site cannot be inferred from code.
labnosh-slimshake-goguma-45,랩노쉬 슬림쉐이크 (고구마),shake,https://link.coupang.com/a/fgZXZyILNQ,app/data/shakeProductsData.json,/shakes | /product/labnosh-slimshake-goguma-45 | /compare | ProductCard | ProductDetailPurchaseActions | CompareTable,0,TRUE,UNKNOWN,STATIC_AFFILIATE_LINK,Direct link.coupang.com link is used as-is; ownership/site cannot be inferred from code.
danbaekhani-proteinshake-matcha-40,단백하니 단백질 쉐이크 (말차),shake,https://link.coupang.com/a/fgZYOy9jIi,app/data/shakeProductsData.json,/shakes | /product/danbaekhani-proteinshake-matcha-40 | /compare | ProductCard | ProductDetailPurchaseActions | CompareTable,0,TRUE,UNKNOWN,STATIC_AFFILIATE_LINK,Direct link.coupang.com link is used as-is; ownership/site cannot be inferred from code.
flymill-proteinshake-goguma-45,플라이밀 단백질 쉐이크 (고구마),shake,https://link.coupang.com/a/fgZZyAikrA,app/data/shakeProductsData.json,/shakes | /product/flymill-proteinshake-goguma-45 | /compare | ProductCard | ProductDetailPurchaseActions | CompareTable,0,TRUE,UNKNOWN,STATIC_AFFILIATE_LINK,Direct link.coupang.com link is used as-is; ownership/site cannot be inferred from code.
labnosh-slimshake-jeju-matcha-45,랩노쉬 슬림쉐이크 (제주말차),shake,https://link.coupang.com/a/fgZ0iQPxWS,app/data/shakeProductsData.json,/shakes | /product/labnosh-slimshake-jeju-matcha-45 | /compare | ProductCard | ProductDetailPurchaseActions | CompareTable,0,TRUE,UNKNOWN,STATIC_AFFILIATE_LINK,Direct link.coupang.com link is used as-is; ownership/site cannot be inferred from code.
proteone-proteinshake-choco-40,프로티원 단백질 쉐이크 (초코맛),shake,https://link.coupang.com/a/fgZ1KR8TrE,app/data/shakeProductsData.json,/shakes | /product/proteone-proteinshake-choco-40 | /compare | ProductCard | ProductDetailPurchaseActions | CompareTable,0,TRUE,UNKNOWN,STATIC_AFFILIATE_LINK,Direct link.coupang.com link is used as-is; ownership/site cannot be inferred from code.
proteone-proteinshake-coffee-40,프로티원 단백질 쉐이크 (커피맛),shake,https://link.coupang.com/a/fgZ27kGoNw,app/data/shakeProductsData.json,/shakes | /product/proteone-proteinshake-coffee-40 | /compare | ProductCard | ProductDetailPurchaseActions | CompareTable,0,TRUE,UNKNOWN,STATIC_AFFILIATE_LINK,Direct link.coupang.com link is used as-is; ownership/site cannot be inferred from code.
itthefit-proteinshake-double-choco-40,잇더핏 단백질 쉐이크 (더블초코),shake,https://link.coupang.com/a/fgZ6z4vTJA,app/data/shakeProductsData.json,/shakes | /product/itthefit-proteinshake-double-choco-40 | /compare | ProductCard | ProductDetailPurchaseActions | CompareTable,0,TRUE,UNKNOWN,STATIC_AFFILIATE_LINK,Direct link.coupang.com link is used as-is; ownership/site cannot be inferred from code.
labnosh-slimshake-strawberry-banana-45,랩노쉬 슬림쉐이크 (딸기바나나),shake,https://link.coupang.com/a/fg0bxmGGse,app/data/shakeProductsData.json,/shakes | /product/labnosh-slimshake-strawberry-banana-45 | /compare | ProductCard | ProductDetailPurchaseActions | CompareTable,0,TRUE,UNKNOWN,STATIC_AFFILIATE_LINK,Direct link.coupang.com link is used as-is; ownership/site cannot be inferred from code.
labnosh-slimshake-roasting-black-sesame-45,랩노쉬 슬림쉐이크 (로스팅흑임자),shake,https://link.coupang.com/a/fg0b6GYRdQ,app/data/shakeProductsData.json,/shakes | /product/labnosh-slimshake-roasting-black-sesame-45 | /compare | ProductCard | ProductDetailPurchaseActions | CompareTable,0,TRUE,UNKNOWN,STATIC_AFFILIATE_LINK,Direct link.coupang.com link is used as-is; ownership/site cannot be inferred from code.
proteone-proteinshake-strawberry-40,프로티원 단백질 쉐이크 (딸기맛),shake,https://link.coupang.com/a/fg0cYwKeom,app/data/shakeProductsData.json,/shakes | /product/proteone-proteinshake-strawberry-40 | /compare | ProductCard | ProductDetailPurchaseActions | CompareTable,0,TRUE,UNKNOWN,STATIC_AFFILIATE_LINK,Direct link.coupang.com link is used as-is; ownership/site cannot be inferred from code.
proteone-proteinshake-black-sesame-40,프로티원 단백질 쉐이크 (흑임자맛),shake,https://link.coupang.com/a/fg0dzkkr9g,app/data/shakeProductsData.json,/shakes | /product/proteone-proteinshake-black-sesame-40 | /compare | ProductCard | ProductDetailPurchaseActions | CompareTable,0,TRUE,UNKNOWN,STATIC_AFFILIATE_LINK,Direct link.coupang.com link is used as-is; ownership/site cannot be inferred from code.
itthefit-proteinshake-cafe-latte-40,잇더핏 단백질 쉐이크 (카페라떼),shake,https://link.coupang.com/a/fg0egqxKqi,app/data/shakeProductsData.json,/shakes | /product/itthefit-proteinshake-cafe-latte-40 | /compare | ProductCard | ProductDetailPurchaseActions | CompareTable,0,TRUE,UNKNOWN,STATIC_AFFILIATE_LINK,Direct link.coupang.com link is used as-is; ownership/site cannot be inferred from code.
itthefit-proteinshake-cookie-cream-40,잇더핏 단백질 쉐이크 (쿠키앤크림),shake,https://link.coupang.com/a/fg0eWBfHTo,app/data/shakeProductsData.json,/shakes | /product/itthefit-proteinshake-cookie-cream-40 | /compare | ProductCard | ProductDetailPurchaseActions | CompareTable,0,TRUE,UNKNOWN,STATIC_AFFILIATE_LINK,Direct link.coupang.com link is used as-is; ownership/site cannot be inferred from code.
kkobak-kobab-high-protein-low-sugar-choco-40,꼬박꼬밥 단백질 쉐이크 고단저당 (초코),shake,https://link.coupang.com/a/fg0fwSmqdM,app/data/shakeProductsData.json,/shakes | /product/kkobak-kobab-high-protein-low-sugar-choco-40 | /compare | ProductCard | ProductDetailPurchaseActions | CompareTable,0,TRUE,UNKNOWN,STATIC_AFFILIATE_LINK,Direct link.coupang.com link is used as-is; ownership/site cannot be inferred from code.
kkobak-kobab-high-protein-low-sugar-coffee-40,꼬박꼬밥 단백질 쉐이크 고단저당 (커피),shake,https://link.coupang.com/a/fg0gc3KUWy,app/data/shakeProductsData.json,/shakes | /product/kkobak-kobab-high-protein-low-sugar-coffee-40 | /compare | ProductCard | ProductDetailPurchaseActions | CompareTable,0,TRUE,UNKNOWN,STATIC_AFFILIATE_LINK,Direct link.coupang.com link is used as-is; ownership/site cannot be inferred from code.
kkobak-kobab-high-protein-low-sugar-jeju-matcha-40,꼬박꼬밥 단백질 쉐이크 고단저당 (제주 말차),shake,https://link.coupang.com/a/fg0g2prRQa,app/data/shakeProductsData.json,/shakes | /product/kkobak-kobab-high-protein-low-sugar-jeju-matcha-40 | /compare | ProductCard | ProductDetailPurchaseActions | CompareTable,0,TRUE,UNKNOWN,STATIC_AFFILIATE_LINK,Direct link.coupang.com link is used as-is; ownership/site cannot be inferred from code.
kkobak-kobab-high-protein-low-sugar-sweet-corn-40,꼬박꼬밥 단백질 쉐이크 고단저당 (스윗콘),shake,https://link.coupang.com/a/fg0hIgZXd6,app/data/shakeProductsData.json,/shakes | /product/kkobak-kobab-high-protein-low-sugar-sweet-corn-40 | /compare | ProductCard | ProductDetailPurchaseActions | CompareTable,0,TRUE,UNKNOWN,STATIC_AFFILIATE_LINK,Direct link.coupang.com link is used as-is; ownership/site cannot be inferred from code.
kkobak-kobab-high-protein-low-sugar-black-sesame-40,꼬박꼬밥 단백질 쉐이크 고단저당 (흑임자),shake,https://link.coupang.com/a/fg0imqpzJA,app/data/shakeProductsData.json,/shakes | /product/kkobak-kobab-high-protein-low-sugar-black-sesame-40 | /compare | ProductCard | ProductDetailPurchaseActions | CompareTable,0,TRUE,UNKNOWN,STATIC_AFFILIATE_LINK,Direct link.coupang.com link is used as-is; ownership/site cannot be inferred from code.
kkobak-kobab-high-protein-low-sugar-misugaru-40,꼬박꼬밥 단백질 쉐이크 고단저당 (미숫가루),shake,https://link.coupang.com/a/fg0i47VrZR,app/data/shakeProductsData.json,/shakes | /product/kkobak-kobab-high-protein-low-sugar-misugaru-40 | /compare | ProductCard | ProductDetailPurchaseActions | CompareTable,0,TRUE,UNKNOWN,STATIC_AFFILIATE_LINK,Direct link.coupang.com link is used as-is; ownership/site cannot be inferred from code.
proteone-proteinshake-grain-40,프로티원 단백질 쉐이크 (곡물맛),shake,https://link.coupang.com/a/fg0jJ5P9S8,app/data/shakeProductsData.json,/shakes | /product/proteone-proteinshake-grain-40 | /compare | ProductCard | ProductDetailPurchaseActions | CompareTable,0,TRUE,UNKNOWN,STATIC_AFFILIATE_LINK,Direct link.coupang.com link is used as-is; ownership/site cannot be inferred from code.
itthefit-proteinshake-black-sesame-40,잇더핏 단백질 쉐이크 (흑임자),shake,https://link.coupang.com/a/fg0kruMYKq,app/data/shakeProductsData.json,/shakes | /product/itthefit-proteinshake-black-sesame-40 | /compare | ProductCard | ProductDetailPurchaseActions | CompareTable,0,TRUE,UNKNOWN,STATIC_AFFILIATE_LINK,Direct link.coupang.com link is used as-is; ownership/site cannot be inferred from code.
itthefit-proteinshake-goguma-40,잇더핏 단백질 쉐이크 (고구마),shake,https://link.coupang.com/a/fg0mtHrYzc,app/data/shakeProductsData.json,/shakes | /product/itthefit-proteinshake-goguma-40 | /compare | ProductCard | ProductDetailPurchaseActions | CompareTable,0,TRUE,UNKNOWN,STATIC_AFFILIATE_LINK,Direct link.coupang.com link is used as-is; ownership/site cannot be inferred from code.
itthefit-proteinshake-misugaru-40,잇더핏 단백질 쉐이크 (미숫가루),shake,https://link.coupang.com/a/fg0m4YjUf6,app/data/shakeProductsData.json,/shakes | /product/itthefit-proteinshake-misugaru-40 | /compare | ProductCard | ProductDetailPurchaseActions | CompareTable,0,TRUE,UNKNOWN,STATIC_AFFILIATE_LINK,Direct link.coupang.com link is used as-is; ownership/site cannot be inferred from code.
itthefit-proteinshake-corn-40,잇더핏 단백질 쉐이크 (옥수수),shake,https://link.coupang.com/a/fg0nJGCFZQ,app/data/shakeProductsData.json,/shakes | /product/itthefit-proteinshake-corn-40 | /compare | ProductCard | ProductDetailPurchaseActions | CompareTable,0,TRUE,UNKNOWN,STATIC_AFFILIATE_LINK,Direct link.coupang.com link is used as-is; ownership/site cannot be inferred from code.
milit-proteinshake-chocolate-40,밀잇 단백질 쉐이크 (초콜릿맛),shake,https://link.coupang.com/a/fg0ovezIaG,app/data/shakeProductsData.json,/shakes | /product/milit-proteinshake-chocolate-40 | /compare | ProductCard | ProductDetailPurchaseActions | CompareTable,0,TRUE,UNKNOWN,STATIC_AFFILIATE_LINK,Direct link.coupang.com link is used as-is; ownership/site cannot be inferred from code.
milit-proteinshake-coffee-40,밀잇 단백질 쉐이크 (커피맛),shake,https://link.coupang.com/a/fg0o9ofp2y,app/data/shakeProductsData.json,/shakes | /product/milit-proteinshake-coffee-40 | /compare | ProductCard | ProductDetailPurchaseActions | CompareTable,0,TRUE,UNKNOWN,STATIC_AFFILIATE_LINK,Direct link.coupang.com link is used as-is; ownership/site cannot be inferred from code.
milit-proteinshake-banana-40,밀잇 단백질 쉐이크 (바나나맛),shake,https://link.coupang.com/a/fg0pMlKPWS,app/data/shakeProductsData.json,/shakes | /product/milit-proteinshake-banana-40 | /compare | ProductCard | ProductDetailPurchaseActions | CompareTable,0,TRUE,UNKNOWN,STATIC_AFFILIATE_LINK,Direct link.coupang.com link is used as-is; ownership/site cannot be inferred from code.
flymill-proteinshake-green-45,플라이밀 단백질 쉐이크 (그린),shake,https://link.coupang.com/a/fg0qlV8R0m,app/data/shakeProductsData.json,/shakes | /product/flymill-proteinshake-green-45 | /compare | ProductCard | ProductDetailPurchaseActions | CompareTable,0,TRUE,UNKNOWN,STATIC_AFFILIATE_LINK,Direct link.coupang.com link is used as-is; ownership/site cannot be inferred from code.
flymill-proteinshake-dolce-latte-45,플라이밀 단백질 쉐이크 (돌체라떼),shake,https://link.coupang.com/a/fg0qTfaFhI,app/data/shakeProductsData.json,/shakes | /product/flymill-proteinshake-dolce-latte-45 | /compare | ProductCard | ProductDetailPurchaseActions | CompareTable,0,TRUE,UNKNOWN,STATIC_AFFILIATE_LINK,Direct link.coupang.com link is used as-is; ownership/site cannot be inferred from code.
flymill-proteinshake-milk-tea-45,플라이밀 단백질 쉐이크 (밀크티),shake,https://link.coupang.com/a/fg0rslbCqi,app/data/shakeProductsData.json,/shakes | /product/flymill-proteinshake-milk-tea-45 | /compare | ProductCard | ProductDetailPurchaseActions | CompareTable,0,TRUE,UNKNOWN,STATIC_AFFILIATE_LINK,Direct link.coupang.com link is used as-is; ownership/site cannot be inferred from code.
flymill-proteinshake-brown-45,플라이밀 단백질 쉐이크 (브라운),shake,https://link.coupang.com/a/fg0sn4mMwu,app/data/shakeProductsData.json,/shakes | /product/flymill-proteinshake-brown-45 | /compare | ProductCard | ProductDetailPurchaseActions | CompareTable,0,TRUE,UNKNOWN,STATIC_AFFILIATE_LINK,Direct link.coupang.com link is used as-is; ownership/site cannot be inferred from code.
flymill-proteinshake-black-45,플라이밀 단백질 쉐이크 (블랙),shake,https://link.coupang.com/a/fg0tbfUNS8,app/data/shakeProductsData.json,/shakes | /product/flymill-proteinshake-black-45 | /compare | ProductCard | ProductDetailPurchaseActions | CompareTable,0,TRUE,UNKNOWN,STATIC_AFFILIATE_LINK,Direct link.coupang.com link is used as-is; ownership/site cannot be inferred from code.
flymill-proteinshake-corn-cereal-45,플라이밀 단백질 쉐이크 (콘시리얼),shake,https://link.coupang.com/a/fg0tKH4taK,app/data/shakeProductsData.json,/shakes | /product/flymill-proteinshake-corn-cereal-45 | /compare | ProductCard | ProductDetailPurchaseActions | CompareTable,0,TRUE,UNKNOWN,STATIC_AFFILIATE_LINK,Direct link.coupang.com link is used as-is; ownership/site cannot be inferred from code.
labnosh-slimshake-strawberry-cookie-crumble-45,랩노쉬 슬림쉐이크 (딸기쿠키크럼블),shake,https://link.coupang.com/a/fg0ufOi7wG,app/data/shakeProductsData.json,/shakes | /product/labnosh-slimshake-strawberry-cookie-crumble-45 | /compare | ProductCard | ProductDetailPurchaseActions | CompareTable,0,TRUE,UNKNOWN,STATIC_AFFILIATE_LINK,Direct link.coupang.com link is used as-is; ownership/site cannot be inferred from code.
labnosh-slimshake-earl-grey-milk-tea-45,랩노쉬 슬림쉐이크 (얼그레이밀크티),shake,https://link.coupang.com/a/fg0vbjbQlg,app/data/shakeProductsData.json,/shakes | /product/labnosh-slimshake-earl-grey-milk-tea-45 | /compare | ProductCard | ProductDetailPurchaseActions | CompareTable,0,TRUE,UNKNOWN,STATIC_AFFILIATE_LINK,Direct link.coupang.com link is used as-is; ownership/site cannot be inferred from code.
labnosh-slimshake-super-sweet-corn-45,랩노쉬 슬림쉐이크 (초당옥수수),shake,https://link.coupang.com/a/fg0vUuOH92,app/data/shakeProductsData.json,/shakes | /product/labnosh-slimshake-super-sweet-corn-45 | /compare | ProductCard | ProductDetailPurchaseActions | CompareTable,0,TRUE,UNKNOWN,STATIC_AFFILIATE_LINK,Direct link.coupang.com link is used as-is; ownership/site cannot be inferred from code.
itthefit-proteinshake-green-tea-latte-40,잇더핏 단백질 쉐이크 (녹차라떼),shake,https://link.coupang.com/a/fg0wtSetmm,app/data/shakeProductsData.json,/shakes | /product/itthefit-proteinshake-green-tea-latte-40 | /compare | ProductCard | ProductDetailPurchaseActions | CompareTable,0,TRUE,UNKNOWN,STATIC_AFFILIATE_LINK,Direct link.coupang.com link is used as-is; ownership/site cannot be inferred from code.
lookat-proteinshake-roasted-soy-soboro-45,룩트 단백질 쉐이크 (볶음콩소보로),shake,https://link.coupang.com/a/fg0w2rgb3k,app/data/shakeProductsData.json,/shakes | /product/lookat-proteinshake-roasted-soy-soboro-45 | /compare | ProductCard | ProductDetailPurchaseActions | CompareTable,0,TRUE,UNKNOWN,STATIC_AFFILIATE_LINK,Direct link.coupang.com link is used as-is; ownership/site cannot be inferred from code.
lookat-proteinshake-cinnamon-pecan-45,룩트 단백질 쉐이크 (시나몬피칸),shake,https://link.coupang.com/a/fg0x1jUtZA,app/data/shakeProductsData.json,/shakes | /product/lookat-proteinshake-cinnamon-pecan-45 | /compare | ProductCard | ProductDetailPurchaseActions | CompareTable,0,TRUE,UNKNOWN,STATIC_AFFILIATE_LINK,Direct link.coupang.com link is used as-is; ownership/site cannot be inferred from code.
lookat-proteinshake-choco-hazelnut-45,룩트 단백질 쉐이크 (초코헤이즐넛),shake,https://link.coupang.com/a/fg0yGxa2F2,app/data/shakeProductsData.json,/shakes | /product/lookat-proteinshake-choco-hazelnut-45 | /compare | ProductCard | ProductDetailPurchaseActions | CompareTable,0,TRUE,UNKNOWN,STATIC_AFFILIATE_LINK,Direct link.coupang.com link is used as-is; ownership/site cannot be inferred from code.
benof-proteinshake-misugaru-cereal-40,베노프 단백질 쉐이크 (미숫가루시리얼),shake,https://link.coupang.com/a/fg0zeZqDPU,app/data/shakeProductsData.json,/shakes | /product/benof-proteinshake-misugaru-cereal-40 | /compare | ProductCard | ProductDetailPurchaseActions | CompareTable,0,TRUE,UNKNOWN,STATIC_AFFILIATE_LINK,Direct link.coupang.com link is used as-is; ownership/site cannot be inferred from code.
hyindam-ttukttak-shake-original-60,혜인담 뚝딱쉐이크 (오리지널),shake,https://link.coupang.com/a/fg0zXcoCWG,app/data/shakeProductsData.json,/shakes | /product/hyindam-ttukttak-shake-original-60 | /compare | ProductCard | ProductDetailPurchaseActions | CompareTable,0,TRUE,UNKNOWN,STATIC_AFFILIATE_LINK,Direct link.coupang.com link is used as-is; ownership/site cannot be inferred from code.
allthebetter-proteinshake-multi-berry-smoothie-45,올더배러 단백질 쉐이크 (멀티베리스무디),shake,https://link.coupang.com/a/fg0ADIr4N2,app/data/shakeProductsData.json,/shakes | /product/allthebetter-proteinshake-multi-berry-smoothie-45 | /compare | ProductCard | ProductDetailPurchaseActions | CompareTable,0,TRUE,UNKNOWN,STATIC_AFFILIATE_LINK,Direct link.coupang.com link is used as-is; ownership/site cannot be inferred from code.
allthebetter-proteinshake-banana-latte-45,올더배러 단백질 쉐이크 (바나나라떼),shake,https://link.coupang.com/a/fg0BbQBbgH,app/data/shakeProductsData.json,/shakes | /product/allthebetter-proteinshake-banana-latte-45 | /compare | ProductCard | ProductDetailPurchaseActions | CompareTable,0,TRUE,UNKNOWN,STATIC_AFFILIATE_LINK,Direct link.coupang.com link is used as-is; ownership/site cannot be inferred from code.
allthebetter-proteinshake-corn-latte-45,올더배러 단백질 쉐이크 (옥수수라떼),shake,https://link.coupang.com/a/fg0BJJmVau,app/data/shakeProductsData.json,/shakes | /product/allthebetter-proteinshake-corn-latte-45 | /compare | ProductCard | ProductDetailPurchaseActions | CompareTable,0,TRUE,UNKNOWN,STATIC_AFFILIATE_LINK,Direct link.coupang.com link is used as-is; ownership/site cannot be inferred from code.
allthebetter-proteinshake-low-sugar-17grain-misugaru-45,올더배러 단백질 쉐이크 (저당 17곡 미숫가루),shake,https://link.coupang.com/a/fg0Crxirts,app/data/shakeProductsData.json,/shakes | /product/allthebetter-proteinshake-low-sugar-17grain-misugaru-45 | /compare | ProductCard | ProductDetailPurchaseActions | CompareTable,0,TRUE,UNKNOWN,STATIC_AFFILIATE_LINK,Direct link.coupang.com link is used as-is; ownership/site cannot be inferred from code.
allthebetter-proteinshake-low-sugar-black-soy-milk-45,올더배러 단백질 쉐이크 (저당 검은콩두유),shake,https://link.coupang.com/a/fg0C2A84LQ,app/data/shakeProductsData.json,/shakes | /product/allthebetter-proteinshake-low-sugar-black-soy-milk-45 | /compare | ProductCard | ProductDetailPurchaseActions | CompareTable,0,TRUE,UNKNOWN,STATIC_AFFILIATE_LINK,Direct link.coupang.com link is used as-is; ownership/site cannot be inferred from code.
allthebetter-proteinshake-low-sugar-chocolate-mousse-45,올더배러 단백질 쉐이크 (저당 초콜릿무스),shake,https://link.coupang.com/a/fg0D4qyMTc,app/data/shakeProductsData.json,/shakes | /product/allthebetter-proteinshake-low-sugar-chocolate-mousse-45 | /compare | ProductCard | ProductDetailPurchaseActions | CompareTable,0,TRUE,UNKNOWN,STATIC_AFFILIATE_LINK,Direct link.coupang.com link is used as-is; ownership/site cannot be inferred from code.
hyindam-ttukttak-shake-seoritae-60,혜인담 뚝딱쉐이크 (서리태),shake,https://link.coupang.com/a/fg0EQi5NbU,app/data/shakeProductsData.json,/shakes | /product/hyindam-ttukttak-shake-seoritae-60 | /compare | ProductCard | ProductDetailPurchaseActions | CompareTable,0,TRUE,UNKNOWN,STATIC_AFFILIATE_LINK,Direct link.coupang.com link is used as-is; ownership/site cannot be inferred from code.
hyindam-ttukttak-shake-choco-protein-60,혜인담 뚝딱쉐이크 (초코프로틴),shake,https://link.coupang.com/a/fg0Fy0UMlU,app/data/shakeProductsData.json,/shakes | /product/hyindam-ttukttak-shake-choco-protein-60 | /compare | ProductCard | ProductDetailPurchaseActions | CompareTable,0,TRUE,UNKNOWN,STATIC_AFFILIATE_LINK,Direct link.coupang.com link is used as-is; ownership/site cannot be inferred from code.
hyindam-ttukttak-shake-ppong-latte-50,혜인담 뚝딱쉐이크 (퐁라떼맛),shake,https://link.coupang.com/a/fg0F6DdMHY,app/data/shakeProductsData.json,/shakes | /product/hyindam-ttukttak-shake-ppong-latte-50 | /compare | ProductCard | ProductDetailPurchaseActions | CompareTable,0,TRUE,UNKNOWN,STATIC_AFFILIATE_LINK,Direct link.coupang.com link is used as-is; ownership/site cannot be inferred from code.
benof-proteinshake-chocolate-cereal-40,베노프 단백질 쉐이크 (초콜릿시리얼),shake,https://link.coupang.com/a/fg0H8EgJXM,app/data/shakeProductsData.json,/shakes | /product/benof-proteinshake-chocolate-cereal-40 | /compare | ProductCard | ProductDetailPurchaseActions | CompareTable,0,TRUE,UNKNOWN,STATIC_AFFILIATE_LINK,Direct link.coupang.com link is used as-is; ownership/site cannot be inferred from code.
milit-proteinshake-matcha-choco-cookie-40,밀잇 단백질 쉐이크 (말차초코쿠키맛),shake,https://link.coupang.com/a/fg0JjyVTgW,app/data/shakeProductsData.json,/shakes | /product/milit-proteinshake-matcha-choco-cookie-40 | /compare | ProductCard | ProductDetailPurchaseActions | CompareTable,0,TRUE,UNKNOWN,STATIC_AFFILIATE_LINK,Direct link.coupang.com link is used as-is; ownership/site cannot be inferred from code.
milit-proteinshake-melon-40,밀잇 단백질 쉐이크 (멜론맛),shake,https://link.coupang.com/a/fg0KlvvkZ2,app/data/shakeProductsData.json,/shakes | /product/milit-proteinshake-melon-40 | /compare | ProductCard | ProductDetailPurchaseActions | CompareTable,0,TRUE,UNKNOWN,STATIC_AFFILIATE_LINK,Direct link.coupang.com link is used as-is; ownership/site cannot be inferred from code.
milit-proteinshake-cereal-40,밀잇 단백질 쉐이크 (시리얼맛),shake,https://link.coupang.com/a/fg0KZKlAzc,app/data/shakeProductsData.json,/shakes | /product/milit-proteinshake-cereal-40 | /compare | ProductCard | ProductDetailPurchaseActions | CompareTable,0,TRUE,UNKNOWN,STATIC_AFFILIATE_LINK,Direct link.coupang.com link is used as-is; ownership/site cannot be inferred from code.
milit-proteinshake-pistachio-40,밀잇 단백질 쉐이크 (피스타치오맛),shake,https://link.coupang.com/a/fg0LHqnOto,app/data/shakeProductsData.json,/shakes | /product/milit-proteinshake-pistachio-40 | /compare | ProductCard | ProductDetailPurchaseActions | CompareTable,0,TRUE,UNKNOWN,STATIC_AFFILIATE_LINK,Direct link.coupang.com link is used as-is; ownership/site cannot be inferred from code.
itthefit-proteinshake-banana-40,잇더핏 단백질 쉐이크 (바나나),shake,https://link.coupang.com/a/fg0Mny6Gqq,app/data/shakeProductsData.json,/shakes | /product/itthefit-proteinshake-banana-40 | /compare | ProductCard | ProductDetailPurchaseActions | CompareTable,0,TRUE,UNKNOWN,STATIC_AFFILIATE_LINK,Direct link.coupang.com link is used as-is; ownership/site cannot be inferred from code.
flymill-proteinshake-cookie-cream-45,플라이밀 단백질 쉐이크 (쿠키앤크림),shake,https://link.coupang.com/a/fg0MWQ1hf2,app/data/shakeProductsData.json,/shakes | /product/flymill-proteinshake-cookie-cream-45 | /compare | ProductCard | ProductDetailPurchaseActions | CompareTable,0,TRUE,UNKNOWN,STATIC_AFFILIATE_LINK,Direct link.coupang.com link is used as-is; ownership/site cannot be inferred from code.
flymill-proteinshake-peanut-butter-45,플라이밀 단백질 쉐이크 (피넛버터),shake,https://link.coupang.com/a/fg0NOSdSKW,app/data/shakeProductsData.json,/shakes | /product/flymill-proteinshake-peanut-butter-45 | /compare | ProductCard | ProductDetailPurchaseActions | CompareTable,0,TRUE,UNKNOWN,STATIC_AFFILIATE_LINK,Direct link.coupang.com link is used as-is; ownership/site cannot be inferred from code.
flymill-proteinshake-pistachio-45,플라이밀 단백질 쉐이크 (피스타치오),shake,https://link.coupang.com/a/fg0OwfAlq0,app/data/shakeProductsData.json,/shakes | /product/flymill-proteinshake-pistachio-45 | /compare | ProductCard | ProductDetailPurchaseActions | CompareTable,0,TRUE,UNKNOWN,STATIC_AFFILIATE_LINK,Direct link.coupang.com link is used as-is; ownership/site cannot be inferred from code.
thedanbaek-proteinshake-powder-choco-32,더단백 단백질쉐이크 파우더 (초코),shake,https://link.coupang.com/a/fg0PlINItw,app/data/shakeProductsData.json,/shakes | /product/thedanbaek-proteinshake-powder-choco-32 | /compare | ProductCard | ProductDetailPurchaseActions | CompareTable,0,TRUE,UNKNOWN,STATIC_AFFILIATE_LINK,Direct link.coupang.com link is used as-is; ownership/site cannot be inferred from code.
thedanbaek-proteinshake-powder-grain-32,더단백 단백질쉐이크 파우더 (곡물),shake,https://link.coupang.com/a/fg0PSNVanI,app/data/shakeProductsData.json,/shakes | /product/thedanbaek-proteinshake-powder-grain-32 | /compare | ProductCard | ProductDetailPurchaseActions | CompareTable,0,TRUE,UNKNOWN,STATIC_AFFILIATE_LINK,Direct link.coupang.com link is used as-is; ownership/site cannot be inferred from code.
fromit-proteinshake-blueberry-greek-yogurt-45,프롬잇 단백질 쉐이크 (블루베리그릭요거트),shake,https://link.coupang.com/a/fg0SpJPi1c,app/data/shakeProductsData.json,/shakes | /product/fromit-proteinshake-blueberry-greek-yogurt-45 | /compare | ProductCard | ProductDetailPurchaseActions | CompareTable,0,TRUE,UNKNOWN,STATIC_AFFILIATE_LINK,Direct link.coupang.com link is used as-is; ownership/site cannot be inferred from code.
fromit-proteinshake-grain-black-sesame-45,프롬잇 단백질 쉐이크 (곡물흑임자),shake,https://link.coupang.com/a/fg0S0oBXJ6,app/data/shakeProductsData.json,/shakes | /product/fromit-proteinshake-grain-black-sesame-45 | /compare | ProductCard | ProductDetailPurchaseActions | CompareTable,0,TRUE,UNKNOWN,STATIC_AFFILIATE_LINK,Direct link.coupang.com link is used as-is; ownership/site cannot be inferred from code.
fromit-proteinshake-choco-45,프롬잇 단백질 쉐이크 (초코),shake,https://link.coupang.com/a/fg0TCQqNRA,app/data/shakeProductsData.json,/shakes | /product/fromit-proteinshake-choco-45 | /compare | ProductCard | ProductDetailPurchaseActions | CompareTable,0,TRUE,UNKNOWN,STATIC_AFFILIATE_LINK,Direct link.coupang.com link is used as-is; ownership/site cannot be inferred from code.
cruntin-proteinshake-matcha-crush-crunchball-50,크런틴 단백질 쉐이크 (말차크러쉬 크런치볼),shake,https://link.coupang.com/a/fg0UithvQi,app/data/shakeProductsData.json,/shakes | /product/cruntin-proteinshake-matcha-crush-crunchball-50 | /compare | ProductCard | ProductDetailPurchaseActions | CompareTable,0,TRUE,UNKNOWN,STATIC_AFFILIATE_LINK,Direct link.coupang.com link is used as-is; ownership/site cannot be inferred from code.
cruntin-proteinshake-ogoknola-50,크런틴 단백질 쉐이크 (오곡놀라),shake,https://link.coupang.com/a/fg0U7LcoVg,app/data/shakeProductsData.json,/shakes | /product/cruntin-proteinshake-ogoknola-50 | /compare | ProductCard | ProductDetailPurchaseActions | CompareTable,0,TRUE,UNKNOWN,STATIC_AFFILIATE_LINK,Direct link.coupang.com link is used as-is; ownership/site cannot be inferred from code.
cruntin-proteinshake-choco-is-back-crunchball-50,크런틴 단백질 쉐이크 (초코이즈백 크런치볼),shake,https://link.coupang.com/a/fg0VRGOhOu,app/data/shakeProductsData.json,/shakes | /product/cruntin-proteinshake-choco-is-back-crunchball-50 | /compare | ProductCard | ProductDetailPurchaseActions | CompareTable,0,TRUE,UNKNOWN,STATIC_AFFILIATE_LINK,Direct link.coupang.com link is used as-is; ownership/site cannot be inferred from code.
cruntin-proteinshake-cornflaky-55,크런틴 단백질 쉐이크 (콘플레이키),shake,https://link.coupang.com/a/fg0WuBg6iO,app/data/shakeProductsData.json,/shakes | /product/cruntin-proteinshake-cornflaky-55 | /compare | ProductCard | ProductDetailPurchaseActions | CompareTable,0,TRUE,UNKNOWN,STATIC_AFFILIATE_LINK,Direct link.coupang.com link is used as-is; ownership/site cannot be inferred from code.
baggio-shakeyam-choco-45,바지오 단백질 쉐이크얌 (초코),shake,https://link.coupang.com/a/fg0X4DHlGm,app/data/shakeProductsData.json,/shakes | /product/baggio-shakeyam-choco-45 | /compare | ProductCard | ProductDetailPurchaseActions | CompareTable,0,TRUE,UNKNOWN,STATIC_AFFILIATE_LINK,Direct link.coupang.com link is used as-is; ownership/site cannot be inferred from code.
baggio-shakeyam-grain-45,바지오 단백질 쉐이크얌 (곡물),shake,https://link.coupang.com/a/fg0YQwO30S,app/data/shakeProductsData.json,/shakes | /product/baggio-shakeyam-grain-45 | /compare | ProductCard | ProductDetailPurchaseActions | CompareTable,0,TRUE,UNKNOWN,STATIC_AFFILIATE_LINK,Direct link.coupang.com link is used as-is; ownership/site cannot be inferred from code.
baggio-shakeyam-matcha-45,바지오 단백질 쉐이크얌 (말차),shake,https://link.coupang.com/a/fg0ZyVLFPo,app/data/shakeProductsData.json,/shakes | /product/baggio-shakeyam-matcha-45 | /compare | ProductCard | ProductDetailPurchaseActions | CompareTable,0,TRUE,UNKNOWN,STATIC_AFFILIATE_LINK,Direct link.coupang.com link is used as-is; ownership/site cannot be inferred from code.
baggio-shakeyam-matcha-strawberry-latte-45,바지오 단백질 쉐이크얌 (말차 딸기 라떼),shake,https://link.coupang.com/a/fg00CzQUVM,app/data/shakeProductsData.json,/shakes | /product/baggio-shakeyam-matcha-strawberry-latte-45 | /compare | ProductCard | ProductDetailPurchaseActions | CompareTable,0,TRUE,UNKNOWN,STATIC_AFFILIATE_LINK,Direct link.coupang.com link is used as-is; ownership/site cannot be inferred from code.
baggio-shakeyam-matcha-salted-caramel-45,바지오 단백질 쉐이크얌 (말차 솔티드카라멜),shake,https://link.coupang.com/a/fg01oZvIke,app/data/shakeProductsData.json,/shakes | /product/baggio-shakeyam-matcha-salted-caramel-45 | /compare | ProductCard | ProductDetailPurchaseActions | CompareTable,0,TRUE,UNKNOWN,STATIC_AFFILIATE_LINK,Direct link.coupang.com link is used as-is; ownership/site cannot be inferred from code.
baggio-shakeyam-corn-45,바지오 단백질 쉐이크얌 (옥수수),shake,https://link.coupang.com/a/fg0110nXOu,app/data/shakeProductsData.json,/shakes | /product/baggio-shakeyam-corn-45 | /compare | ProductCard | ProductDetailPurchaseActions | CompareTable,0,TRUE,UNKNOWN,STATIC_AFFILIATE_LINK,Direct link.coupang.com link is used as-is; ownership/site cannot be inferred from code.
baggio-shakeyam-oolong-milk-tea-45,바지오 단백질 쉐이크얌 (우롱 밀크티),shake,https://link.coupang.com/a/fg02ItN2uy,app/data/shakeProductsData.json,/shakes | /product/baggio-shakeyam-oolong-milk-tea-45 | /compare | ProductCard | ProductDetailPurchaseActions | CompareTable,0,TRUE,UNKNOWN,STATIC_AFFILIATE_LINK,Direct link.coupang.com link is used as-is; ownership/site cannot be inferred from code.
shakebaby-proteinshake-choco-45,쉐이크베이비 단백질 쉐이크 (초코맛),shake,https://link.coupang.com/a/fg03sNPqzk,app/data/shakeProductsData.json,/shakes | /product/shakebaby-proteinshake-choco-45 | /compare | ProductCard | ProductDetailPurchaseActions | CompareTable,0,TRUE,UNKNOWN,STATIC_AFFILIATE_LINK,Direct link.coupang.com link is used as-is; ownership/site cannot be inferred from code.
shakebaby-proteinshake-strawberry-45,쉐이크베이비 단백질 쉐이크 (딸기맛),shake,https://link.coupang.com/a/fg04aMjR2O,app/data/shakeProductsData.json,/shakes | /product/shakebaby-proteinshake-strawberry-45 | /compare | ProductCard | ProductDetailPurchaseActions | CompareTable,0,TRUE,UNKNOWN,STATIC_AFFILIATE_LINK,Direct link.coupang.com link is used as-is; ownership/site cannot be inferred from code.
shakebaby-proteinshake-matcha-45,쉐이크베이비 단백질 쉐이크 (말차맛),shake,https://link.coupang.com/a/fg045ZUzG8,app/data/shakeProductsData.json,/shakes | /product/shakebaby-proteinshake-matcha-45 | /compare | ProductCard | ProductDetailPurchaseActions | CompareTable,0,TRUE,UNKNOWN,STATIC_AFFILIATE_LINK,Direct link.coupang.com link is used as-is; ownership/site cannot be inferred from code.
shakebaby-proteinshake-grain-45,쉐이크베이비 단백질 쉐이크 (곡물맛),shake,https://link.coupang.com/a/fg05Wly3Xw,app/data/shakeProductsData.json,/shakes | /product/shakebaby-proteinshake-grain-45 | /compare | ProductCard | ProductDetailPurchaseActions | CompareTable,0,TRUE,UNKNOWN,STATIC_AFFILIATE_LINK,Direct link.coupang.com link is used as-is; ownership/site cannot be inferred from code.
shakebaby-proteinshake-sweetcorn-flakes-45,쉐이크베이비 단백질 쉐이크 (스윗콘 플레이크맛),shake,https://link.coupang.com/a/fg06AalNca,app/data/shakeProductsData.json,/shakes | /product/shakebaby-proteinshake-sweetcorn-flakes-45 | /compare | ProductCard | ProductDetailPurchaseActions | CompareTable,0,TRUE,UNKNOWN,STATIC_AFFILIATE_LINK,Direct link.coupang.com link is used as-is; ownership/site cannot be inferred from code.
newcare-all-protein-choco-245,뉴케어 올프로틴 (초콜릿),drink,https://www.coupang.com/vp/products/8391141735?itemId=24971392807&vendorItemId=91994723764,app/lib/purchaseLinks.ts,ProductCard | ProductDetailPurchaseActions | CompareTable (only when product data URL is missing),0,FALSE,UNKNOWN,FALLBACK_SOURCE_IN_CODE,Directly embedded regular Coupang product URL. It is a fallback only and is currently bypassed when product data supplies coupangUrl.
newcare-all-protein-banana-245,뉴케어 올프로틴 (바나나),drink,https://www.coupang.com/vp/products/8391213192?itemId=24256029913&vendorItemId=91994723751,app/lib/purchaseLinks.ts,ProductCard | ProductDetailPurchaseActions | CompareTable (only when product data URL is missing),0,FALSE,UNKNOWN,FALLBACK_SOURCE_IN_CODE,Directly embedded regular Coupang product URL. It is a fallback only and is currently bypassed when product data supplies coupangUrl.
newcare-all-protein-savory-245,뉴케어 올프로틴 (고소한맛),drink,https://www.coupang.com/vp/products/8391180879?itemId=24963749598&vendorItemId=91994723799,app/lib/purchaseLinks.ts,ProductCard | ProductDetailPurchaseActions | CompareTable (only when product data URL is missing),0,FALSE,UNKNOWN,FALLBACK_SOURCE_IN_CODE,Directly embedded regular Coupang product URL. It is a fallback only and is currently bypassed when product data supplies coupangUrl.
newcare-all-protein-plant-savory-250,뉴케어 올프로틴 식물성단백질 (고소한맛),drink,https://www.coupang.com/vp/products/9413959502?itemId=27972525769&vendorItemId=94930425876,app/lib/purchaseLinks.ts,ProductCard | ProductDetailPurchaseActions | CompareTable (only when product data URL is missing),0,FALSE,UNKNOWN,FALLBACK_SOURCE_IN_CODE,Directly embedded regular Coupang product URL. It is a fallback only and is currently bypassed when product data supplies coupangUrl.
newcare-olprotein-water-lemon-350,뉴케어 올프로틴 워터 (레몬),drink,https://www.coupang.com/vp/products/8888082152?itemId=26687416262&vendorItemId=93659473043,app/lib/purchaseLinks.ts,ProductCard | ProductDetailPurchaseActions | CompareTable (only when product data URL is missing),0,FALSE,UNKNOWN,FALLBACK_SOURCE_IN_CODE,Directly embedded regular Coupang product URL. It is a fallback only and is currently bypassed when product data supplies coupangUrl.
newcare-olprotein-water-apple-350,뉴케어 올프로틴 워터 (사과),drink,https://www.coupang.com/vp/products/8888082215?itemId=26554259073&vendorItemId=93659473038,app/lib/purchaseLinks.ts,ProductCard | ProductDetailPurchaseActions | CompareTable (only when product data URL is missing),0,FALSE,UNKNOWN,FALLBACK_SOURCE_IN_CODE,Directly embedded regular Coupang product URL. It is a fallback only and is currently bypassed when product data supplies coupangUrl.
newcare-all-protein-41g,뉴케어 올프로틴 41g (초코맛),drink,https://www.coupang.com/vp/products/8869229030?itemId=26181687745&vendorItemId=93475736005,app/lib/purchaseLinks.ts,ProductCard | ProductDetailPurchaseActions | CompareTable (only when product data URL is missing),0,FALSE,UNKNOWN,FALLBACK_SOURCE_IN_CODE,Directly embedded regular Coupang product URL. It is a fallback only and is currently bypassed when product data supplies coupangUrl.
