priority_tier,priority_score,product_id,product_slug_label,product_name,brand,category,protein_g,current_url,new_proteinlab_url,affiliate_link_id,channel_id,status,priority_reason,recommended_action,notes
P1,127,labnosh-protein-max-choco-400,Labnosh Protein Max Choco 400,프로틴 드링크 맥스 (초코),랩노쉬,drink,52,https://link.coupang.com/a/e8MFh5asjA,,,proteinlab,PENDING,top_landing_connected;has_existing_coupang_url;ultra_high_protein,Issue a new ProteinLab-only Coupang Partners link and paste it here.,
P1,127,newcare-all-protein-41g,Newcare All Protein 41G,올프로틴 41g (초코맛),뉴케어,drink,41,https://link.coupang.com/a/e8NyraGXKK,,,proteinlab,PENDING,top_landing_connected;has_existing_coupang_url;ultra_high_protein,Issue a new ProteinLab-only Coupang Partners link and paste it here.,
P1,127,takefit-monster-goso-350,Takefit Monster Goso 350,테이크핏 몬스터 (고소한맛),테이크핏,drink,45,https://link.coupang.com/a/e8NKbDFBEy,,,proteinlab,PENDING,top_landing_connected;has_existing_coupang_url;ultra_high_protein,Issue a new ProteinLab-only Coupang Partners link and paste it here.,
P1,112,newcare-all-protein-choco-245,Newcare All Protein Choco 245,올프로틴 (초콜릿),뉴케어,drink,25,https://link.coupang.com/a/e8MJ6pkgtV,,,proteinlab,PENDING,top_landing_connected;has_existing_coupang_url;high_protein,Issue a new ProteinLab-only Coupang Partners link and paste it here.,
P1,97,hymune-balance-active-deepchoco-250,Hymune Balance Active Deepchoco 250,프로틴 밸런스 액티브 (딥초코),하이뮨,drink,20,https://link.coupang.com/a/e8MW0aWHVA,,,proteinlab,PENDING,top_landing_connected;has_existing_coupang_url,Issue a new ProteinLab-only Coupang Partners link and paste it here.,
P1,97,sellex-profit-milk-vanilla-250,Sellex Profit Milk Vanilla 250,프로핏 (밀크 바닐라),셀렉스,drink,20,https://link.coupang.com/a/e8MRblZJls,,,proteinlab,PENDING,top_landing_connected;has_existing_coupang_url,Issue a new ProteinLab-only Coupang Partners link and paste it here.,
P1,97,takefit-max-choco-250,Takefit Max Choco 250,테이크핏 맥스 (초코맛),테이크핏,drink,24,https://link.coupang.com/a/e8Nv18aYQS,,,proteinlab,PENDING,top_landing_connected;has_existing_coupang_url,Issue a new ProteinLab-only Coupang Partners link and paste it here.,
P1,97,takefit-max-goso-250,Takefit Max Goso 250,테이크핏 맥스 (고소한맛),테이크핏,drink,24,https://link.coupang.com/a/e8Nve93CDY,,,proteinlab,PENDING,top_landing_connected;has_existing_coupang_url,Issue a new ProteinLab-only Coupang Partners link and paste it here.,
P1,95,itthefit-proteinshake-double-choco-40,Itthefit Proteinshake Double Choco 40,단백질 쉐이크 (더블초코),잇더핏,shake,21.3,https://link.coupang.com/a/fgZ6z4vTJA,,,proteinlab,PENDING,top_landing_connected;has_existing_coupang_url,Issue a new ProteinLab-only Coupang Partners link and paste it here.,
P1,95,proteone-proteinshake-choco-40,Proteone Proteinshake Choco 40,단백질 쉐이크 (초코맛),프로티원,shake,23,https://link.coupang.com/a/fgZ1KR8TrE,,,proteinlab,PENDING,top_landing_connected;has_existing_coupang_url,Issue a new ProteinLab-only Coupang Partners link and paste it here.,
P2,67,danbaek-drink-darkchoco-330,Danbaek Drink Darkchoco 330,더단백 드링크 (다크초코),더단백,drink,35,https://link.coupang.com/a/e8NIKcgHPE,,,proteinlab,PENDING,has_existing_coupang_url;ultra_high_protein,Issue a new ProteinLab-only Coupang Partners link and paste it here.,
P2,67,danbaek-drink-doublechoco-350,Danbaek Drink Doublechoco 350,더단백 드링크 (더블초코),더단백,drink,40,https://link.coupang.com/a/e8NFQWBHjM,,,proteinlab,PENDING,has_existing_coupang_url;ultra_high_protein,Issue a new ProteinLab-only Coupang Partners link and paste it here.,
P2,67,dryou-protein-40g-choco-350,Dryou Protein 40G Choco 350,프로 단백질 드링크 40g (초콜릿),닥터유,drink,40,https://link.coupang.com/a/e8N1PdSBm8,,,proteinlab,PENDING,has_existing_coupang_url;ultra_high_protein,Issue a new ProteinLab-only Coupang Partners link and paste it here.,
P2,67,dryou-protein-40g-strawberry-350,Dryou Protein 40G Strawberry 350,프로 단백질 드링크 40g (딸기),닥터유,drink,40,https://link.coupang.com/a/e8NWXltLK8,,,proteinlab,PENDING,has_existing_coupang_url;ultra_high_protein,Issue a new ProteinLab-only Coupang Partners link and paste it here.,
P2,67,hymune-ultra-400,Hymune Ultra 400,하이뮨 울트라,하이뮨,drink,49,https://link.coupang.com/a/e8M0byZ67g,,,proteinlab,PENDING,has_existing_coupang_url;ultra_high_protein,Issue a new ProteinLab-only Coupang Partners link and paste it here.,
P2,67,labnosh-protein-max-strawberry-400,Labnosh Protein Max Strawberry 400,프로틴 드링크 맥스 (딸기),랩노쉬,drink,52,https://link.coupang.com/a/e8MF9zHF5o,,,proteinlab,PENDING,has_existing_coupang_url;ultra_high_protein,Issue a new ProteinLab-only Coupang Partners link and paste it here.,
P2,67,newcare-all-protein-41g-coffee-350,Newcare All Protein 41G Coffee 350,올프로틴 41g (커피우유맛),뉴케어,drink,41,https://link.coupang.com/a/e8NCVm177s,,,proteinlab,PENDING,has_existing_coupang_url;ultra_high_protein,Issue a new ProteinLab-only Coupang Partners link and paste it here.,
P2,67,newcare-all-protein-41g-savory-350,Newcare All Protein 41G Savory 350,올프로틴 41g (고소한맛),뉴케어,drink,41,https://link.coupang.com/a/e8NAL6Css8,,,proteinlab,PENDING,has_existing_coupang_url;ultra_high_protein,Issue a new ProteinLab-only Coupang Partners link and paste it here.,
P2,67,sellex-profit-sports-wildchoco-350,Sellex Profit Sports Wildchoco 350,프로핏 스포츠 와일드 초코,셀렉스,drink,45,https://link.coupang.com/a/e8NhOmVFuK,,,proteinlab,PENDING,has_existing_coupang_url;ultra_high_protein,Issue a new ProteinLab-only Coupang Partners link and paste it here.,
P2,67,takefit-extreme-450,Takefit Extreme 450,테이크핏 익스트림,테이크핏,drink,60,https://link.coupang.com/a/e8OpALPsvA,,,proteinlab,PENDING,has_existing_coupang_url;ultra_high_protein,Issue a new ProteinLab-only Coupang Partners link and paste it here.,
P2,67,takefit-monster-chocobanana-350,Takefit Monster Chocobanana 350,테이크핏 몬스터 (초코바나나),테이크핏,drink,45,https://link.coupang.com/a/e8NK1mDFds,,,proteinlab,PENDING,has_existing_coupang_url;ultra_high_protein,Issue a new ProteinLab-only Coupang Partners link and paste it here.,
P2,63,benof-proteinbar-chunky-choco,Benof Proteinbar Chunky Choco,단백질바 (청키초콜릿),베노프,bar,20,https://link.coupang.com/a/fg1Mvt8ki4,,,proteinlab,PENDING,has_existing_coupang_url;ultra_high_protein,Issue a new ProteinLab-only Coupang Partners link and paste it here.,
P2,63,benof-proteinbar-truffle-peanutbutter-choco,Benof Proteinbar Truffle Peanutbutter Choco,단백질바 (트러플피넛버터초콜릿),베노프,bar,20,https://link.coupang.com/a/fg1M1Cq2VM,,,proteinlab,PENDING,has_existing_coupang_url;ultra_high_protein,Issue a new ProteinLab-only Coupang Partners link and paste it here.,
P2,63,benof-softbar-berry-cheesecake,Benof Softbar Berry Cheesecake,소프트바 (베리베리치즈케이크),베노프,bar,20,https://link.coupang.com/a/fg1SyycJgq,,,proteinlab,PENDING,has_existing_coupang_url;ultra_high_protein,Issue a new ProteinLab-only Coupang Partners link and paste it here.,
P2,63,benof-softbar-black-sesame,Benof Softbar Black Sesame,소프트바 (흑임자),베노프,bar,20,https://link.coupang.com/a/fg1QWzVZDw,,,proteinlab,PENDING,has_existing_coupang_url;ultra_high_protein,Issue a new ProteinLab-only Coupang Partners link and paste it here.,
P2,63,benof-softbar-cacao,Benof Softbar Cacao,소프트바 (카카오),베노프,bar,20,https://link.coupang.com/a/fg1P38dl24,,,proteinlab,PENDING,has_existing_coupang_url;ultra_high_protein,Issue a new ProteinLab-only Coupang Partners link and paste it here.,
P2,63,benof-softbar-chocolate-caramel,Benof Softbar Chocolate Caramel,소프트바 (초콜릿카라멜),베노프,bar,20,https://link.coupang.com/a/fg1PrFQPq8,,,proteinlab,PENDING,has_existing_coupang_url;ultra_high_protein,Issue a new ProteinLab-only Coupang Partners link and paste it here.,
P2,63,benof-softbar-cookie-cream,Benof Softbar Cookie Cream,소프트바 (쿠키앤크림),베노프,bar,20,https://link.coupang.com/a/fg1OWqXsOq,,,proteinlab,PENDING,has_existing_coupang_url;ultra_high_protein,Issue a new ProteinLab-only Coupang Partners link and paste it here.,
P2,63,benof-softbar-injeolmi,Benof Softbar Injeolmi,소프트바 (인절미),베노프,bar,20,https://link.coupang.com/a/fg1RwhLmqO,,,proteinlab,PENDING,has_existing_coupang_url;ultra_high_protein,Issue a new ProteinLab-only Coupang Partners link and paste it here.,
P2,63,benof-softbar-peanutbutter,Benof Softbar Peanutbutter,소프트바 (피넛버터),베노프,bar,20,https://link.coupang.com/a/fg1OnW0gSa,,,proteinlab,PENDING,has_existing_coupang_url;ultra_high_protein,Issue a new ProteinLab-only Coupang Partners link and paste it here.,
P2,63,benof-softbar-roasted-sweetpotato,Benof Softbar Roasted Sweetpotato,소프트바 (군고구마),베노프,bar,20,https://link.coupang.com/a/fg1RZCYw4i,,,proteinlab,PENDING,has_existing_coupang_url;ultra_high_protein,Issue a new ProteinLab-only Coupang Partners link and paste it here.,
P2,63,bsn-protein-crisp-peanut-butter-crunch,Bsn Protein Crisp Peanut Butter Crunch,프로틴 크리스프 단백질바 (피넛 버터 크런치),비에스엔,bar,20,https://link.coupang.com/a/fg1Ugh9grc,,,proteinlab,PENDING,has_existing_coupang_url;ultra_high_protein,Issue a new ProteinLab-only Coupang Partners link and paste it here.,
P2,63,bsn-protein-crisp-salted-toffee-pretzel,Bsn Protein Crisp Salted Toffee Pretzel,프로틴 크리스프 단백질바 (솔티드 토피 프레첼),비에스엔,bar,20,https://link.coupang.com/a/fg1UR5U9rU,,,proteinlab,PENDING,has_existing_coupang_url;ultra_high_protein,Issue a new ProteinLab-only Coupang Partners link and paste it here.,
P2,63,dryou-proteinbar-pro-3nuts-crunch,Dryou Proteinbar Pro 3nuts Crunch,프로 단백질바 (3넛츠 크런치),닥터유,bar,25,https://link.coupang.com/a/fg1IDrJsAu,,,proteinlab,PENDING,has_existing_coupang_url;ultra_high_protein,Issue a new ProteinLab-only Coupang Partners link and paste it here.,
P2,63,dryou-proteinbar-pro-choco-classic,Dryou Proteinbar Pro Choco Classic,프로 단백질바 (초코 클래식),닥터유,bar,24,https://link.coupang.com/a/fg1JsDzqWy,,,proteinlab,PENDING,has_existing_coupang_url;ultra_high_protein,Issue a new ProteinLab-only Coupang Partners link and paste it here.,
P2,63,dryou-proteinbar-pro-crunch,Dryou Proteinbar Pro Crunch,프로 단백질바 (크런치),닥터유,bar,24,https://link.coupang.com/a/fg1Kf9RGzA,,,proteinlab,PENDING,has_existing_coupang_url;ultra_high_protein,Issue a new ProteinLab-only Coupang Partners link and paste it here.,
P2,63,kirkland-proteinbar-choco-brownie,Kirkland Proteinbar Choco Brownie,프로틴바 초콜릿 브라우니,커클랜드,bar,21,https://link.coupang.com/a/fg1Lfdn0z6,,,proteinlab,PENDING,has_existing_coupang_url;ultra_high_protein,Issue a new ProteinLab-only Coupang Partners link and paste it here.,
P2,63,kirkland-proteinbar-choco-chip-cookie-dough-60,Kirkland Proteinbar Choco Chip Cookie Dough 60,프로틴바 초코칩 쿠키도우,커클랜드,bar,21,https://link.coupang.com/a/fg1LOeuvnM,,,proteinlab,PENDING,has_existing_coupang_url;ultra_high_protein,Issue a new ProteinLab-only Coupang Partners link and paste it here.,
P2,63,lottewellfood-easyprotein-highprotein-crispy,Lottewellfood Easyprotein Highprotein Crispy,이지프로틴 고단백질바 (크리스피),롯데웰푸드,bar,20,https://link.coupang.com/a/fg2Dx7tij6,,,proteinlab,PENDING,has_existing_coupang_url;ultra_high_protein,Issue a new ProteinLab-only Coupang Partners link and paste it here.,
P2,63,quest-nutrition-protein-bar-blueberry-muffin-60,Quest Nutrition Protein Bar Blueberry Muffin 60,단백질바 (블루베리 머핀),퀘스트 뉴트리션,bar,21,https://link.coupang.com/a/fg10AtFbJk,,,proteinlab,PENDING,has_existing_coupang_url;ultra_high_protein,Issue a new ProteinLab-only Coupang Partners link and paste it here.,
P2,63,quest-nutrition-protein-bar-chocolate-chip-cookie-dough-60,Quest Nutrition Protein Bar Chocolate Chip Cookie Dough 60,단백질바 (초코칩 쿠키도우),퀘스트 뉴트리션,bar,20,https://link.coupang.com/a/fg1Z1J4xRQ,,,proteinlab,PENDING,has_existing_coupang_url;ultra_high_protein,Issue a new ProteinLab-only Coupang Partners link and paste it here.,
P2,63,quest-nutrition-protein-bar-chocolate-peanutbutter-60,Quest Nutrition Protein Bar Chocolate Peanutbutter 60,단백질바 (초콜릿 피넛버터),퀘스트 뉴트리션,bar,20,https://link.coupang.com/a/fg1WbRVWFM,,,proteinlab,PENDING,has_existing_coupang_url;ultra_high_protein,Issue a new ProteinLab-only Coupang Partners link and paste it here.,
P2,63,quest-nutrition-protein-bar-cookie-cream-60,Quest Nutrition Protein Bar Cookie Cream 60,단백질바 (쿠키 앤 크림),퀘스트 뉴트리션,bar,21,https://link.coupang.com/a/fg1ZqHiJsi,,,proteinlab,PENDING,has_existing_coupang_url;ultra_high_protein,Issue a new ProteinLab-only Coupang Partners link and paste it here.,
P2,63,quest-nutrition-protein-bar-deep-chocolate-chip-cookie-dough-60,Quest Nutrition Protein Bar Deep Chocolate Chip Cookie Dough 60,단백질바 (딥 초콜릿칩 쿠키도우),퀘스트 뉴트리션,bar,20,https://link.coupang.com/a/fg1XtIkg8W,,,proteinlab,PENDING,has_existing_coupang_url;ultra_high_protein,Issue a new ProteinLab-only Coupang Partners link and paste it here.,
P2,63,quest-nutrition-protein-bar-deep-dish-cookie-cream-60,Quest Nutrition Protein Bar Deep Dish Cookie Cream 60,단백질바 (딥디쉬 쿠키 앤 크림),퀘스트 뉴트리션,bar,21,https://link.coupang.com/a/fg11Ouyxsi,,,proteinlab,PENDING,has_existing_coupang_url;ultra_high_protein,Issue a new ProteinLab-only Coupang Partners link and paste it here.,
P2,63,quest-nutrition-protein-bar-double-chocolate-chunk-60,Quest Nutrition Protein Bar Double Chocolate Chunk 60,단백질바 (더블 초콜릿 청크),퀘스트 뉴트리션,bar,20,https://link.coupang.com/a/fg1Vxxl8RU,,,proteinlab,PENDING,has_existing_coupang_url;ultra_high_protein,Issue a new ProteinLab-only Coupang Partners link and paste it here.,
P2,63,quest-nutrition-protein-bar-lemon-cake-60,Quest Nutrition Protein Bar Lemon Cake 60,단백질바 (레몬 케이크),퀘스트 뉴트리션,bar,20,https://link.coupang.com/a/fg1X8kYz24,,,proteinlab,PENDING,has_existing_coupang_url;ultra_high_protein,Issue a new ProteinLab-only Coupang Partners link and paste it here.,
P2,63,quest-nutrition-protein-bar-mint-chocolate-chunk-60,Quest Nutrition Protein Bar Mint Chocolate Chunk 60,단백질바 (민트 초콜릿 청크),퀘스트 뉴트리션,bar,20,https://link.coupang.com/a/fg1YOovAfQ,,,proteinlab,PENDING,has_existing_coupang_url;ultra_high_protein,Issue a new ProteinLab-only Coupang Partners link and paste it here.,
P2,63,quest-nutrition-protein-bar-smores-60,Quest Nutrition Protein Bar Smores 60,단백질바 (스모어),퀘스트 뉴트리션,bar,21,https://link.coupang.com/a/fg12mQAtwr,,,proteinlab,PENDING,has_existing_coupang_url;ultra_high_protein,Issue a new ProteinLab-only Coupang Partners link and paste it here.,
P2,63,quest-nutrition-protein-bar-white-chocolate-raspberry-60,Quest Nutrition Protein Bar White Chocolate Raspberry 60,단백질바 (화이트 초콜릿 라즈베리),퀘스트 뉴트리션,bar,20,https://link.coupang.com/a/fg11eGcoFw,,,proteinlab,PENDING,has_existing_coupang_url;ultra_high_protein,Issue a new ProteinLab-only Coupang Partners link and paste it here.,
P2,63,syntha6-crispy-choco,Syntha6 Crispy Choco,프로틴 크리스프 단백질바 (초콜릿 크런치),비에스엔,bar,20,https://link.coupang.com/a/fg1Th9SVG0,,,proteinlab,PENDING,has_existing_coupang_url;ultra_high_protein,Issue a new ProteinLab-only Coupang Partners link and paste it here.,
P2,61,denmark-high-greek-400,Denmark High Greek 400,덴마크 하이 그릭요거트 400g,덴마크,yogurt,28,https://www.coupang.com/vp/products/8564152398?itemId=24810245578&vendorItemId=91817799894&q=%EB%8D%B4%EB%A7%88%ED%81%AC+%ED%95%98%EC%9D%B4+%EA%B7%B8%EB%A6%AD%EC%9A%94%EA%B1%B0%ED%8A%B8+400g&searchId=54b4925d9456206&sourceType=search&itemsCount=36&searchRank=1&rank=1&traceId=mnpsf9r1,,,proteinlab,PENDING,has_existing_coupang_url;ultra_high_protein,Issue a new ProteinLab-only Coupang Partners link and paste it here.,
P2,61,greekday-light-450,Greekday Light 450,그릭데이 그릭요거트 라이트 450g,그릭데이,yogurt,49.5,https://www.coupang.com/vp/products/7798461431?itemId=14628773109&vendorItemId=77964863727&q=%EA%B7%B8%EB%A6%AD%EB%8D%B0%EC%9D%B4+%EA%B7%B8%EB%A6%AD%EC%9A%94%EA%B1%B0%ED%8A%B8+%EB%9D%BC%EC%9D%B4%ED%8A%B8+450g&searchId=629eecae4527260&sourceType=search&itemsCount=36&searchRank=1&rank=1&traceId=mmyvgka9,,,proteinlab,PENDING,has_existing_coupang_url;ultra_high_protein,Issue a new ProteinLab-only Coupang Partners link and paste it here.,
P2,61,greekday-light-800,Greekday Light 800,그릭데이 그릭요거트 라이트 800g,그릭데이,yogurt,88,https://www.coupang.com/vp/products/5463245073?itemId=17468368446&vendorItemId=84636080357&pickType=COU_PICK&q=그릭데이%20그릭요거트%20라이트%20800g&searchId=47cc4c794547067&sourceType=search&itemsCount=36&searchRank=1&rank=1&traceId=mmyvgruo,,,proteinlab,PENDING,has_existing_coupang_url;ultra_high_protein,Issue a new ProteinLab-only Coupang Partners link and paste it here.,
P2,61,greekday-signature-450,Greekday Signature 450,그릭데이 그릭요거트 시그니처 450g,그릭데이,yogurt,51.39,https://www.coupang.com/vp/products/5463245022?itemId=17894188425&vendorItemId=85057078619&pickType=COU_PICK&q=%EA%B7%B8%EB%A6%AD%EB%8D%B0%EC%9D%B4+%EA%B7%B8%EB%A6%AD%EC%9A%94%EA%B1%B0%ED%8A%B8+%EC%8B%9C%EA%B7%B8%EB%8B%88%EC%B2%98+450g&searchId=c27b29624552625&sourceType=search&itemsCount=36&searchRank=0&rank=0,,,proteinlab,PENDING,has_existing_coupang_url;ultra_high_protein,Issue a new ProteinLab-only Coupang Partners link and paste it here.,
P2,61,greekday-signature-800,Greekday Signature 800,그릭데이 그릭요거트 시그니처 800g,그릭데이,yogurt,91.36,https://www.coupang.com/vp/products/5463245022?itemId=17468368450&vendorItemId=84636080373&pickType=COU_PICK&q=그릭데이%20그릭요거트%20시그니처%20800g&searchId=5cad5da44557131&sourceType=search&itemsCount=36&searchRank=0&rank=0&traceId=mmyvhpbw,,,proteinlab,PENDING,has_existing_coupang_url;ultra_high_protein,Issue a new ProteinLab-only Coupang Partners link and paste it here.,
P2,61,kirkland-greek-plain-907,Kirkland Greek Plain 907,커클랜드 그릭요거트 플레인 907g,커클랜드,yogurt,90.7,https://www.coupang.com/vp/products/249357928?itemId=27274528793&vendorItemId=94241241790&q=%EC%BB%A4%ED%81%B4%EB%9E%9C%EB%93%9C+%EA%B7%B8%EB%A6%AD%EC%9A%94%EA%B1%B0%ED%8A%B8+%ED%94%8C%EB%A0%88%EC%9D%B8+907g&searchId=3cb3be2510324097&sourceType=search&itemsCount=36&searchRank=2&rank=2&traceId=mnpsedw1,,,proteinlab,PENDING,has_existing_coupang_url;ultra_high_protein,Issue a new ProteinLab-only Coupang Partners link and paste it here.,
P2,61,lookt-icelandic-mild-450,Lookt Icelandic Mild 450,룩트 아이슬란딕 요거트 마일드 450g,룩트,yogurt,47.7,https://www.coupang.com/vp/products/6970727970?itemId=17002046702&vendorItemId=84178011603&q=%EB%A3%A9%ED%8A%B8+%EC%95%84%EC%9D%B4%EC%8A%AC%EB%9E%80%EB%94%95+%EC%9A%94%EA%B1%B0%ED%8A%B8+%EB%A7%88%EC%9D%BC%EB%93%9C+450g&searchId=979f614c2716210&sourceType=search&itemsCount=36&searchRank=1&rank=1&traceId=mmyvpyqr,,,proteinlab,PENDING,has_existing_coupang_url;ultra_high_protein,Issue a new ProteinLab-only Coupang Partners link and paste it here.,
P2,61,lookt-icelandic-thick-450,Lookt Icelandic Thick 450,룩트 아이슬란딕 요거트 띠크 450g,룩트,yogurt,54,https://www.coupang.com/vp/products/6168224572?itemId=17002047120&vendorItemId=84178012869&pickType=COU_PICK&sourceType=srp_product_ads&clickEventId=e3d316e0-2458-11f1-974c-08ece94d0dc0&korePlacement=15&koreSubPlacement=1&clickEventId=e3d316e0-2458-11f1-974c-08ece94d0dc0&korePlacement=15&koreSubPlacement=1&traceId=mmyvq7rv,,,proteinlab,PENDING,has_existing_coupang_url;ultra_high_protein,Issue a new ProteinLab-only Coupang Partners link and paste it here.,
P2,61,maeil-bio-greek-drink-banana-710,Maeil Bio Greek Drink Banana 710,매일 바이오 그릭요거트 Drink 바나나 710mL,매일 바이오,yogurt,31.02,https://www.coupang.com/vp/products/8700604294?itemId=25265378481&vendorItemId=92261189320&q=%EB%A7%A4%EC%9D%BC+%EB%B0%94%EC%9D%B4%EC%98%A4+%EA%B7%B8%EB%A6%AD%EC%9A%94%EA%B1%B0%ED%8A%B8+Drink+%EB%B0%94%EB%82%98%EB%82%98+710mL&searchId=0a74e16b4605105&sourceType=search&itemsCount=36&searchRank=0&rank=0&traceId=mmyvodf9,,,proteinlab,PENDING,has_existing_coupang_url;ultra_high_protein,Issue a new ProteinLab-only Coupang Partners link and paste it here.,
P2,61,maeil-bio-greek-drink-plain-710,Maeil Bio Greek Drink Plain 710,매일 바이오 그릭요거트 Drink 플레인 710mL,매일 바이오,yogurt,31.02,https://www.coupang.com/vp/products/8700623491?itemId=25312670392&vendorItemId=92307757040&pickType=COU_PICK&q=%EB%A7%A4%EC%9D%BC%20%EB%B0%94%EC%9D%B4%EC%98%A4%20%EA%B7%B8%EB%A6%AD%EC%9A%94%EA%B1%B0%ED%8A%B8%20Drink%20%EB%AC%B4%EA%B0%80%EB%8B%B9%20%ED%94%8C%EB%A0%88%EC%9D%B8%20710mL&searchId=5bcf46ae610164&sourceType=search&itemsCount=36&searchRank=0&rank=0&traceId=mmyvo3pp,,,proteinlab,PENDING,has_existing_coupang_url;ultra_high_protein,Issue a new ProteinLab-only Coupang Partners link and paste it here.,
P2,61,maeil-bio-greek-drink-unsweetened-710,Maeil Bio Greek Drink Unsweetened 710,매일 바이오 그릭요거트 Drink 무가당 플레인 710mL,매일 바이오,yogurt,31.02,https://www.coupang.com/vp/products/8700623491?itemId=25312670392&vendorItemId=92307757040&pickType=COU_PICK&q=매일%20바이오%20그릭요거트%20Drink%20무가당%20플레인%20710mL&searchId=5bcf46ae610164&sourceType=search&itemsCount=36&searchRank=0&rank=0&traceId=mmyvmmqv,,,proteinlab,PENDING,has_existing_coupang_url;ultra_high_protein,Issue a new ProteinLab-only Coupang Partners link and paste it here.,
P2,61,maeil-bio-greek-plain-400,Maeil Bio Greek Plain 400,매일 바이오 그릭요거트 플레인 400g,매일 바이오,yogurt,24,https://www.coupang.com/vp/products/8787833517?itemId=25584183005&vendorItemId=92575077399&q=%EB%A7%A4%EC%9D%BC+%EB%B0%94%EC%9D%B4%EC%98%A4+%EA%B7%B8%EB%A6%AD%EC%9A%94%EA%B1%B0%ED%8A%B8+%ED%94%8C%EB%A0%88%EC%9D%B8+400g&searchId=742a939a4557970&sourceType=search&itemsCount=36&searchRank=2&rank=2&traceId=mmyvk3on,,,proteinlab,PENDING,has_existing_coupang_url;ultra_high_protein,Issue a new ProteinLab-only Coupang Partners link and paste it here.,
P2,61,maeil-bio-greek-unsweetened-400,Maeil Bio Greek Unsweetened 400,매일 바이오 그릭요거트 무가당 플레인 400g,매일 바이오,yogurt,28,https://www.coupang.com/vp/products/6809405272?itemId=18633943476&vendorItemId=91144871051&q=매일%20바이오%20그릭요거트%20무가당%20플레인%20400g&searchId=7740856a2369855&sourceType=search&itemsCount=36&searchRank=0&rank=0&traceId=mmyvi6zb,,,proteinlab,PENDING,has_existing_coupang_url;ultra_high_protein,Issue a new ProteinLab-only Coupang Partners link and paste it here.,
P2,61,maeil-bio-greek-unsweetened-800,Maeil Bio Greek Unsweetened 800,매일 바이오 그릭요거트 무가당 플레인 800g,매일 바이오,yogurt,56,https://www.coupang.com/vp/products/7216495213?itemId=19225557711&vendorItemId=86342201460&pickType=COU_PICK&q=%EB%A7%A4%EC%9D%BC+%EB%B0%94%EC%9D%B4%EC%98%A4+%EA%B7%B8%EB%A6%AD%EC%9A%94%EA%B1%B0%ED%8A%B8+%EB%AC%B4%EA%B0%80%EB%8B%B9+%ED%94%8C%EB%A0%88%EC%9D%B8+800g&searchId=ad54a40d2539559&sourceType=search&itemsCount=36&searchRank=0&rank=0&traceId=mmyvjg1x,,,proteinlab,PENDING,has_existing_coupang_url;ultra_high_protein,Issue a new ProteinLab-only Coupang Partners link and paste it here.,
P2,61,sangha-organic-greek-unsweetened-400,Sangha Organic Greek Unsweetened 400,상하목장 유기농 그릭요거트 무가당 플레인 400g,상하목장,yogurt,27.5,https://www.coupang.com/vp/products/8566052890?itemId=25438448255&vendorItemId=93564298776&q=상하목장%20유기농%20그릭요거트%20무가당%20플레인%20400g&searchId=4b1d09ce4528725&sourceType=search&itemsCount=36&searchRank=0&rank=0&traceId=mmyvf244,,,proteinlab,PENDING,has_existing_coupang_url;ultra_high_protein,Issue a new ProteinLab-only Coupang Partners link and paste it here.,
P2,61,who-greek-plain-450,Who Greek Plain 450,후디스 그릭요거트 플레인 450g,후디스,yogurt,27,https://www.coupang.com/vp/products/168835912?itemId=10546415459&vendorItemId=77827885881&pickType=COU_PICK&q=후디스%20그릭요거트%20플레인%20450g&searchId=8a4c04863895078&sourceType=search&itemsCount=36&searchRank=0&rank=0&traceId=mmyvcukn,,,proteinlab,PENDING,has_existing_coupang_url;ultra_high_protein,Issue a new ProteinLab-only Coupang Partners link and paste it here.,
P2,61,who-highprotein-greek-unsweetened-400,Who Highprotein Greek Unsweetened 400,후디스 고단백 무가당 그릭요거트 400g,후디스,yogurt,40,https://www.coupang.com/vp/products/8566052890?itemId=25438448255&vendorItemId=93564298776&q=%ED%9B%84%EB%94%94%EC%8A%A4+%EA%B3%A0%EB%8B%A8%EB%B0%B1+%EB%AC%B4%EA%B0%80%EB%8B%B9+%EA%B7%B8%EB%A6%AD%EC%9A%94%EA%B1%B0%ED%8A%B8+400g&searchId=5d0cbc644723772&sourceType=search&itemsCount=36&searchRank=0&rank=0&traceId=mmyvfarw,,,proteinlab,PENDING,has_existing_coupang_url;ultra_high_protein,Issue a new ProteinLab-only Coupang Partners link and paste it here.,
P2,61,who-organic-greek-plain-480,Who Organic Greek Plain 480,후디스 유기농 그릭요거트 플레인 480g,후디스,yogurt,28.8,https://www.coupang.com/vp/products/4996524796?itemId=6671892225&vendorItemId=73965622624&pickType=COU_PICK&q=%ED%9B%84%EB%94%94%EC%8A%A4+%EC%9C%A0%EA%B8%B0%EB%86%8D+%EA%B7%B8%EB%A6%AD%EC%9A%94%EA%B1%B0%ED%8A%B8+%ED%94%8C%EB%A0%88%EC%9D%B8+480g&searchId=d1e4709b9159719&sourceType=search&itemsCount=36&searchRank=1&rank=1&traceId=mnpsesqj,,,proteinlab,PENDING,has_existing_coupang_url;ultra_high_protein,Issue a new ProteinLab-only Coupang Partners link and paste it here.,
P2,61,who-organic-greek-unsweetened-450,Who Organic Greek Unsweetened 450,후디스 유기농 그릭요거트 달지않은 플레인 450g,후디스,yogurt,27,https://www.coupang.com/vp/products/8239274980?itemId=23712766463&vendorItemId=90737719026&pickType=COU_PICK&q=%ED%9B%84%EB%94%94%EC%8A%A4+%EC%9C%A0%EA%B8%B0%EB%86%8D+%EA%B7%B8%EB%A6%AD%EC%9A%94%EA%B1%B0%ED%8A%B8+%EB%8B%AC%EC%A7%80%EC%95%8A%EC%9D%80+%ED%94%8C%EB%A0%88%EC%9D%B8+450g&searchId=f20b61894626637&sourceType=search&itemsCount=36&searchRank=0&rank=0&traceId=mmyvp4z3,,,proteinlab,PENDING,has_existing_coupang_url;ultra_high_protein,Issue a new ProteinLab-only Coupang Partners link and paste it here.,
P2,61,yoplait-protein-max-210,Yoplait Protein Max 210,요플레 프로틴 MAX 210mL,요플레,yogurt,23,https://www.coupang.com/vp/products/7842498830?itemId=21353027936&vendorItemId=88410649081&q=%EC%9A%94%ED%94%8C%EB%A0%88+%ED%94%84%EB%A1%9C%ED%8B%B4+MAX+210mL&searchId=285cf54f4478679&sourceType=search&itemsCount=36&searchRank=0&rank=0&traceId=mmyvby76,,,proteinlab,PENDING,has_existing_coupang_url;ultra_high_protein,Issue a new ProteinLab-only Coupang Partners link and paste it here.,
P2,61,yozm-plain-greek-450,Yozm Plain Greek 450,YOZM 플레인 그릭요거트 450g,YOZM,yogurt,54,https://www.coupang.com/vp/products/7706219199?itemId=24373954690&vendorItemId=92227982679&q=YOZM+%ED%94%8C%EB%A0%88%EC%9D%B8+%EA%B7%B8%EB%A6%AD%EC%9A%94%EA%B1%B0%ED%8A%B8+450g&searchId=34022daa1841646&sourceType=search&itemsCount=36&searchRank=0&rank=0&traceId=mmyvfjad,,,proteinlab,PENDING,has_existing_coupang_url;ultra_high_protein,Issue a new ProteinLab-only Coupang Partners link and paste it here.,
P2,61,yozm-plain-greek-800,Yozm Plain Greek 800,YOZM 플레인 그릭요거트 800g,YOZM,yogurt,96,https://www.coupang.com/vp/products/331527359?itemId=12492311650&vendorItemId=79760989358&pickType=COU_PICK&q=YOZM+%ED%94%8C%EB%A0%88%EC%9D%B8+%EA%B7%B8%EB%A6%AD%EC%9A%94%EA%B1%B0%ED%8A%B8+800g&searchId=6d32ffe94537647&sourceType=search&itemsCount=36&searchRank=0&rank=0&traceId=mmyvft1b,,,proteinlab,PENDING,has_existing_coupang_url;ultra_high_protein,Issue a new ProteinLab-only Coupang Partners link and paste it here.,
P2,61,yozm-soft-plain-500,Yozm Soft Plain 500,YOZM 소프트 플레인 500g,YOZM,yogurt,35,https://www.coupang.com/vp/products/6919832216?itemId=16705889169&vendorItemId=83888331357&pickType=COU_PICK&q=YOZM+%EC%86%8C%ED%94%84%ED%8A%B8+%ED%94%8C%EB%A0%88%EC%9D%B8+500g&searchId=aa540046995725&sourceType=search&itemsCount=36&searchRank=0&rank=0&traceId=mmyvg28a,,,proteinlab,PENDING,has_existing_coupang_url;ultra_high_protein,Issue a new ProteinLab-only Coupang Partners link and paste it here.,
P2,52,danbaek-water-apple-400,Danbaek Water Apple 400,더단백 워터 프로틴 (청사과),더단백,drink,25,https://link.coupang.com/a/e8MTsQ0m04,,,proteinlab,PENDING,has_existing_coupang_url;high_protein,Issue a new ProteinLab-only Coupang Partners link and paste it here.,
P2,52,danbaek-water-grapefruit-400,Danbaek Water Grapefruit 400,더단백 워터 프로틴 (백자몽),더단백,drink,25,https://link.coupang.com/a/e8Onj7R6FE,,,proteinlab,PENDING,has_existing_coupang_url;high_protein,Issue a new ProteinLab-only Coupang Partners link and paste it here.,
P2,52,hamsoa-minions-proteinact-choco-330,Hamsoa Minions Proteinact Choco 330,미니언즈 프로틴액트 (초콜릿),함소아제약,drink,30,https://link.coupang.com/a/e8OgPckiOc,,,proteinlab,PENDING,has_existing_coupang_url;high_protein,Issue a new ProteinLab-only Coupang Partners link and paste it here.,
P2,52,hymune-balance-active-darkchoco-330,Hymune Balance Active Darkchoco 330,프로틴 밸런스 액티브 (다크초코),하이뮨,drink,31,https://link.coupang.com/a/e8MZdFDFvg,,,proteinlab,PENDING,has_existing_coupang_url;high_protein,Issue a new ProteinLab-only Coupang Partners link and paste it here.,
P2,52,labnosh-protein-banana-350,Labnosh Protein Banana 350,프로틴 드링크 (바나나),랩노쉬,drink,25,https://link.coupang.com/a/e8OcVmEF6i,,,proteinlab,PENDING,has_existing_coupang_url;high_protein,Issue a new ProteinLab-only Coupang Partners link and paste it here.,
P2,52,labnosh-protein-cacao-350,Labnosh Protein Cacao 350,프로틴 드링크 (카카오),랩노쉬,drink,27,https://link.coupang.com/a/e8N9r5TH4K,,,proteinlab,PENDING,has_existing_coupang_url;high_protein,Issue a new ProteinLab-only Coupang Partners link and paste it here.,
P2,52,labnosh-protein-cookie-cream-350,Labnosh Protein Cookie Cream 350,프로틴 드링크 (쿠키앤크림),랩노쉬,drink,27,https://link.coupang.com/a/e8OdrSzRSu,,,proteinlab,PENDING,has_existing_coupang_url;high_protein,Issue a new ProteinLab-only Coupang Partners link and paste it here.,
P2,52,labnosh-protein-latte-350,Labnosh Protein Latte 350,프로틴 드링크 (라떼),랩노쉬,drink,27,https://link.coupang.com/a/e8N22hmvMO,,,proteinlab,PENDING,has_existing_coupang_url;high_protein,Issue a new ProteinLab-only Coupang Partners link and paste it here.,
P2,52,labnosh-protein-melon-350,Labnosh Protein Melon 350,프로틴 드링크 (메론),랩노쉬,drink,27,https://www.coupang.com/vp/products/7977620460?itemId=22122632755&vendorItemId=90043603950&q=프로틴%20프로틴%20드링크%20(메론)&searchId=6e5e3ccf3398578&sourceType=search&itemsCount=36&searchRank=3&rank=3&traceId=mmybdfxa,,,proteinlab,PENDING,has_existing_coupang_url;high_protein,Issue a new ProteinLab-only Coupang Partners link and paste it here.,
P2,52,labnosh-protein-perfect-banana-350,Labnosh Protein Perfect Banana 350,프로틴 드링크 퍼펙트 (바나나),랩노쉬,drink,27,https://link.coupang.com/a/e8Ofu8wiqW,,,proteinlab,PENDING,has_existing_coupang_url;high_protein,Issue a new ProteinLab-only Coupang Partners link and paste it here.,
P2,52,labnosh-protein-perfect-choco-350,Labnosh Protein Perfect Choco 350,프로틴 드링크 퍼펙트 (초코),랩노쉬,drink,27,https://link.coupang.com/a/e8Oe0kbS2K,,,proteinlab,PENDING,has_existing_coupang_url;high_protein,Issue a new ProteinLab-only Coupang Partners link and paste it here.,
P2,52,labnosh-protein-perfect-cookie-cream-350,Labnosh Protein Perfect Cookie Cream 350,프로틴 드링크 퍼펙트 (쿠키앤크림),랩노쉬,drink,27,https://link.coupang.com/a/e8OoVi1N9M,,,proteinlab,PENDING,has_existing_coupang_url;high_protein,Issue a new ProteinLab-only Coupang Partners link and paste it here.,
P2,52,labnosh-protein-perfect-grain-350,Labnosh Protein Perfect Grain 350,프로틴 드링크 퍼펙트 (그레인),랩노쉬,drink,27,https://link.coupang.com/a/e8OerXAKIu,,,proteinlab,PENDING,has_existing_coupang_url;high_protein,Issue a new ProteinLab-only Coupang Partners link and paste it here.,
P2,52,labnosh-protein-strawberry-350,Labnosh Protein Strawberry 350,프로틴 드링크 (스트로베리),랩노쉬,drink,27,https://www.coupang.com/vp/products/9425699091?itemId=28018418017&vendorItemId=94975681252,,,proteinlab,PENDING,has_existing_coupang_url;high_protein,Issue a new ProteinLab-only Coupang Partners link and paste it here.,
P2,52,newcare-all-protein-banana-245,Newcare All Protein Banana 245,올프로틴 (바나나),뉴케어,drink,25,https://link.coupang.com/a/e8MLDK6g1c,,,proteinlab,PENDING,has_existing_coupang_url;high_protein,Issue a new ProteinLab-only Coupang Partners link and paste it here.,
P2,52,newcare-all-protein-savory-245,Newcare All Protein Savory 245,올프로틴 (고소한맛),뉴케어,drink,25,https://link.coupang.com/a/e8MPMNp7tc,,,proteinlab,PENDING,has_existing_coupang_url;high_protein,Issue a new ProteinLab-only Coupang Partners link and paste it here.,
P2,52,takefit-pro-flatpeach-500,Takefit Pro Flatpeach 500,테이크핏 프로 (납작복숭아맛),테이크핏,drink,25,https://link.coupang.com/a/e8Nkjk3Tky,,,proteinlab,PENDING,has_existing_coupang_url;high_protein,Issue a new ProteinLab-only Coupang Partners link and paste it here.,
P2,52,takefit-pro-lemon-500,Takefit Pro Lemon 500,테이크핏 프로 (레몬맛),테이크핏,drink,25,https://link.coupang.com/a/e8Ni86qS2C,,,proteinlab,PENDING,has_existing_coupang_url;high_protein,Issue a new ProteinLab-only Coupang Partners link and paste it here.,
P2,52,takefit-pro-shinemuscato-500,Takefit Pro Shinemuscato 500,테이크핏 프로 (샤인머스캣맛),테이크핏,drink,25,https://link.coupang.com/a/e8Nk5zvlmK,,,proteinlab,PENDING,has_existing_coupang_url;high_protein,Issue a new ProteinLab-only Coupang Partners link and paste it here.,
P2,48,myprotein-protein-wafer-42,Myprotein Protein Wafer 42,프로틴 와퍼,마이프로틴,bar,15,https://link.coupang.com/a/fg2FwFnOKG,,,proteinlab,PENDING,has_existing_coupang_url;high_protein,Issue a new ProteinLab-only Coupang Partners link and paste it here.,
P2,48,ondanbaek-protein-bar-apple-cranberry-50,Ondanbaek Protein Bar Apple Cranberry 50,프로틴바 (애플크랜베리),온단백,bar,15,https://www.coupang.com/vp/products/9004312871?itemId=26388106664&vendorItemId=93364470969&q=%EC%98%A8%EB%8B%A8%EB%B0%B1+%ED%94%84%EB%A1%9C%ED%8B%B4%EB%B0%94+%28%EC%95%A0%ED%94%8C%ED%81%AC%EB%9E%9C%EB%B2%A0%EB%A6%AC%29&searchId=57088303446478&sourceType=search&itemsCount=36&searchRank=0&rank=0&traceId=mmyluhz1,,,proteinlab,PENDING,has_existing_coupang_url;high_protein,Issue a new ProteinLab-only Coupang Partners link and paste it here.,
P2,48,ondanbaek-protein-bar-chocolate-fudge-50,Ondanbaek Protein Bar Chocolate Fudge 50,프로틴바 (초콜릿퍼지),온단백,bar,15,https://www.coupang.com/vp/products/9004389967?itemId=26388520629&vendorItemId=93364878631&q=%EC%98%A8%EB%8B%A8%EB%B0%B1+%ED%94%84%EB%A1%9C%ED%8B%B4%EB%B0%94+%28%EC%B4%88%EC%BD%9C%EB%A0%9B%ED%8D%BC%EC%A7%80%29&searchId=04036658951213&sourceType=search&itemsCount=36&searchRank=1&rank=1&traceId=mmyluv1y,,,proteinlab,PENDING,has_existing_coupang_url;high_protein,Issue a new ProteinLab-only Coupang Partners link and paste it here.,
P2,48,oneuldanbaek-milkchoco-caramel-bar-48,Oneuldanbaek Milkchoco Caramel Bar 48,밀크초코 카라멜 바,오늘단백,bar,16,https://link.coupang.com/a/fg2l1yzC8W,,,proteinlab,PENDING,has_existing_coupang_url;high_protein,Issue a new ProteinLab-only Coupang Partners link and paste it here.,
P2,48,oneuldanbaek-milkchoco-cheesecake-bar-48,Oneuldanbaek Milkchoco Cheesecake Bar 48,밀크초코 치즈케이크 바,오늘단백,bar,16,https://link.coupang.com/a/fg2luAbzlB,,,proteinlab,PENDING,has_existing_coupang_url;high_protein,Issue a new ProteinLab-only Coupang Partners link and paste it here.,
P2,48,oneuldanbaek-milkchoco-pistachio-bar-48,Oneuldanbaek Milkchoco Pistachio Bar 48,밀크초코 피스타치오 바,오늘단백,bar,16,https://link.coupang.com/a/fg2mRMldv2,,,proteinlab,PENDING,has_existing_coupang_url;high_protein,Issue a new ProteinLab-only Coupang Partners link and paste it here.,
P2,48,oneuldanbaek-milkchoco-strawberry-bar-48,Oneuldanbaek Milkchoco Strawberry Bar 48,밀크초코 스트로베리 바,오늘단백,bar,16,https://link.coupang.com/a/fg2kIuOQPQ,,,proteinlab,PENDING,has_existing_coupang_url;high_protein,Issue a new ProteinLab-only Coupang Partners link and paste it here.,
P2,48,post-proteinbar,Post Proteinbar,단백질바,포스트,bar,16,https://link.coupang.com/a/fg12TVZwyG,,,proteinlab,PENDING,has_existing_coupang_url;high_protein,Issue a new ProteinLab-only Coupang Partners link and paste it here.,
P2,48,proteinbangatgan-harudanbaekbar-blacksesame,Proteinbangatgan Harudanbaekbar Blacksesame,하루단백바 (흑임자),프로틴방앗간,bar,15,https://link.coupang.com/a/fg13A7upps,,,proteinlab,PENDING,has_existing_coupang_url;high_protein,Issue a new ProteinLab-only Coupang Partners link and paste it here.,
P2,48,quest-nutrition-protein-bar-oatmeal-chocolate-chip-60,Quest Nutrition Protein Bar Oatmeal Chocolate Chip 60,단백질바 (오트밀 초콜릿 칩),퀘스트 뉴트리션,bar,18,https://link.coupang.com/a/fg1WPtlsVE,,,proteinlab,PENDING,has_existing_coupang_url;high_protein,Issue a new ProteinLab-only Coupang Partners link and paste it here.,
P2,48,thedanbaek-crunchbar-choco,Thedanbaek Crunchbar Choco,크런치바 (초코),더단백,bar,15,https://link.coupang.com/a/fg18UVoms0,,,proteinlab,PENDING,has_existing_coupang_url;high_protein,Issue a new ProteinLab-only Coupang Partners link and paste it here.,
P2,48,thedanbaek-crunchbar-peanutbutter,Thedanbaek Crunchbar Peanutbutter,크런치바 (피넛버터),더단백,bar,15,https://link.coupang.com/a/fg2aVNVstg,,,proteinlab,PENDING,has_existing_coupang_url;high_protein,Issue a new ProteinLab-only Coupang Partners link and paste it here.,
P2,48,thedanbaek-mildbar-almondcookie,Thedanbaek Mildbar Almondcookie,마일드바 (아몬드쿠키),더단백,bar,15,https://link.coupang.com/a/fg2b6dldHE,,,proteinlab,PENDING,has_existing_coupang_url;high_protein,Issue a new ProteinLab-only Coupang Partners link and paste it here.,
P2,46,lookt-icelandic-thick-100,Lookt Icelandic Thick 100,룩트 아이슬란딕 요거트 띠크 100g,룩트,yogurt,12,https://www.coupang.com/vp/products/6168224572?itemId=12021463814&vendorItemId=79293779405&pickType=COU_PICK&q=룩트%20아이슬란딕%20요거트%20띠크%20100g&searchId=a30493bd2581833&sourceType=search&itemsCount=36&searchRank=1&rank=1&traceId=mmyvpqeq,,,proteinlab,PENDING,has_existing_coupang_url;high_protein,Issue a new ProteinLab-only Coupang Partners link and paste it here.,
P2,46,yoplait-protein-plain-210,Yoplait Protein Plain 210,요플레 프로틴 드링크 플레인 210mL,요플레,yogurt,15,https://www.coupang.com/vp/products/4542348097?itemId=22950129834&vendorItemId=94053885418&q=요플레%20프로틴%20드링크%20플레인%20210mL&searchId=eaa9785a4500454&sourceType=search&itemsCount=36&searchRank=0&rank=0&traceId=mmyvb8kb,,,proteinlab,PENDING,has_existing_coupang_url;high_protein,Issue a new ProteinLab-only Coupang Partners link and paste it here.,
P2,46,yoplait-protein-strawberry-banana-210,Yoplait Protein Strawberry Banana 210,요플레 프로틴 드링크 딸기바나나 210mL,요플레,yogurt,17,https://www.coupang.com/vp/products/7828219997?itemId=13592033192&vendorItemId=82196265119&q=%EC%9A%94%ED%94%8C%EB%A0%88+%ED%94%84%EB%A1%9C%ED%8B%B4+%EB%93%9C%EB%A7%81%ED%81%AC+%EB%94%B8%EA%B8%B0%EB%B0%94%EB%82%98%EB%82%98+210mL&searchId=c9349e124494544&sourceType=search&itemsCount=36&searchRank=0&rank=0&traceId=mmyvbi49,,,proteinlab,PENDING,has_existing_coupang_url;high_protein,Issue a new ProteinLab-only Coupang Partners link and paste it here.,
P2,46,yopro-blueberry-150,Yopro Blueberry 150,요프로 프로틴 블루베리 요거트 150g,요프로,yogurt,13.5,https://www.coupang.com/vp/products/9181041541?itemId=27135693609&vendorItemId=94103639306&pickType=COU_PICK&q=%EC%9A%94%ED%94%84%EB%A1%9C+%ED%94%84%EB%A1%9C%ED%8B%B4+%EB%B8%94%EB%A3%A8%EB%B2%A0%EB%A6%AC+%EC%9A%94%EA%B1%B0%ED%8A%B8+150g&searchId=20e63bca1784784&sourceType=search&itemsCount=36&searchRank=0&rank=0&traceId=mmyv9mse,,,proteinlab,PENDING,has_existing_coupang_url;high_protein,Issue a new ProteinLab-only Coupang Partners link and paste it here.,
P2,46,yopro-plain-150,Yopro Plain 150,요프로 프로틴 설탕무첨가 플레인 요거트 150g,요프로,yogurt,15,https://www.coupang.com/vp/products/9181041542?itemId=27135694124&vendorItemId=94103639497&q=%EC%9A%94%ED%94%84%EB%A1%9C+%ED%94%84%EB%A1%9C%ED%8B%B4+%EC%84%A4%ED%83%95%EB%AC%B4%EC%B2%A8%EA%B0%80+%ED%94%8C%EB%A0%88%EC%9D%B8+%EC%9A%94%EA%B1%B0%ED%8A%B8+150g&searchId=2f1296fb4474231&sourceType=search&itemsCount=36&searchRank=1&rank=1&traceId=mmyv95bv,,,proteinlab,PENDING,has_existing_coupang_url;high_protein,Issue a new ProteinLab-only Coupang Partners link and paste it here.,
P2,46,yozm-apple-cinnamon-130,Yozm Apple Cinnamon 130,YOZM 그릭요거트 애플시나몬 130g,YOZM,yogurt,13,https://www.coupang.com/vp/products/8744851239?itemId=27391192182&vendorItemId=94356984474&q=YOZM+%EA%B7%B8%EB%A6%AD%EC%9A%94%EA%B1%B0%ED%8A%B8+%EC%95%A0%ED%94%8C%EC%8B%9C%EB%82%98%EB%AA%AC+130g&searchId=a54abd522441953&sourceType=search&itemsCount=36&searchRank=1&rank=1&traceId=mn8nk6lt,,,proteinlab,PENDING,has_existing_coupang_url;high_protein,Issue a new ProteinLab-only Coupang Partners link and paste it here.,
P2,46,yozm-blueberry-compote-130,Yozm Blueberry Compote 130,YOZM 그릭요거트 블루베리 콩포트 130g,YOZM,yogurt,13,https://www.coupang.com/vp/products/6941706301?itemId=19225634254&vendorItemId=86342275913&pickType=COU_PICK&q=YOZM+%EA%B7%B8%EB%A6%AD%EC%9A%94%EA%B1%B0%ED%8A%B8+%EB%B8%94%EB%A3%A8%EB%B2%A0%EB%A6%AC+%EC%BD%A9%ED%8F%AC%ED%8A%B8+130g&searchId=f74254b91700330&sourceType=search&itemsCount=36&searchRank=0&rank=0&traceId=mn8nji0o,,,proteinlab,PENDING,has_existing_coupang_url;high_protein,Issue a new ProteinLab-only Coupang Partners link and paste it here.,
P2,46,yozm-cacao-granola-120,Yozm Cacao Granola 120,YOZM 그릭요거트 카카오 그래놀라 120g,YOZM,yogurt,15,https://www.coupang.com/vp/products/6919833096?itemId=19233868128&vendorItemId=86350321522&q=YOZM+%EA%B7%B8%EB%A6%AD%EC%9A%94%EA%B1%B0%ED%8A%B8+%EC%B4%88%EC%BD%94+%ED%81%AC%EB%9E%98%EB%86%80%EB%9D%BC+120g&searchId=d66fe5352431002&sourceType=search&itemsCount=36&searchRank=0&rank=0&traceId=mn8nkfc5,,,proteinlab,PENDING,has_existing_coupang_url;high_protein,Issue a new ProteinLab-only Coupang Partners link and paste it here.,
P2,46,yozm-cafe-latte-100,Yozm Cafe Latte 100,YOZM 그릭요거트 카페라떼 100g,YOZM,yogurt,12,https://www.coupang.com/vp/products/9155961457?itemId=26964737551&vendorItemId=93933686886&q=YOZM+%EA%B7%B8%EB%A6%AD%EC%9A%94%EA%B1%B0%ED%8A%B8+%EC%B9%B4%ED%8E%98%EB%9D%BC%EB%96%BC+100g&searchId=0ac988482433245&sourceType=search&itemsCount=36&searchRank=1&rank=1&traceId=mn8nl290,,,proteinlab,PENDING,has_existing_coupang_url;high_protein,Issue a new ProteinLab-only Coupang Partners link and paste it here.,
P2,46,yozm-low-sugar-matcha-100,Yozm Low Sugar Matcha 100,YOZM 저당 그릭요거트 말차 100g,YOZM,yogurt,13,https://www.coupang.com/vp/products/9150768333?itemId=27003096941&vendorItemId=93971799675&pickType=COU_PICK&q=YOZM%20저당%20그릭요거트%20말차%20100g&searchId=0ebe94ef2461572&sourceType=search&itemsCount=36&searchRank=0&rank=0&traceId=mn8nm0lw,,,proteinlab,PENDING,has_existing_coupang_url;high_protein,Issue a new ProteinLab-only Coupang Partners link and paste it here.,
P2,46,yozm-oh-granola-low-sugar-115,Yozm Oh Granola Low Sugar 115,YOZM 오! 그래놀라 저당 그릭요거트 115g,YOZM,yogurt,14,https://www.coupang.com/vp/products/9071774255?itemId=26642437310&vendorItemId=93625442795&q=YOZM%20%EC%98%A4!%20%EA%B7%B8%EB%9E%98%EB%86%80%EB%9D%BC%20%EC%A0%80%EB%8B%B9%20%EA%B7%B8%EB%A6%AD%EC%9A%94%EA%B1%B0%ED%8A%B8%20115g&searchId=891fa8ac2438545&sourceType=search&itemsCount=36&searchRank=2&rank=2&traceId=mn8nlqkl,,,proteinlab,PENDING,has_existing_coupang_url;high_protein,Issue a new ProteinLab-only Coupang Partners link and paste it here.,
P2,46,yozm-strawberry-compote-130,Yozm Strawberry Compote 130,YOZM 그릭요거트 스트로베리 콩포트 130g,YOZM,yogurt,13,https://www.coupang.com/vp/products/9449131609?itemId=28108889931&vendorItemId=95064910245&q=YOZM+%EA%B7%B8%EB%A6%AD%EC%9A%94%EA%B1%B0%ED%8A%B8+%EC%8A%A4%ED%8A%B8%EB%A1%9C%EB%B2%A0%EB%A6%AC+%EC%BD%A9%ED%8F%AC%ED%8A%B8+130g&searchId=89c7f8381254599&sourceType=search&itemsCount=36&searchRank=0&rank=0&traceId=mn8njth1,,,proteinlab,PENDING,has_existing_coupang_url;high_protein,Issue a new ProteinLab-only Coupang Partners link and paste it here.,
P3,37,calobye-perfect-powershake-choco-250,Calobye Perfect Powershake Choco 250,퍼펙트 파워쉐이크 (초코맛),칼로바이,drink,20,https://link.coupang.com/a/e8Of4ixslg,,,proteinlab,PENDING,has_existing_coupang_url,Issue a new ProteinLab-only Coupang Partners link and paste it here.,
P3,37,calobye-perfect-powershake-strawberry-250,Calobye Perfect Powershake Strawberry 250,퍼펙트 파워쉐이크 (딸기맛),칼로바이,drink,20,https://link.coupang.com/a/e8ObH2oJwq,,,proteinlab,PENDING,has_existing_coupang_url,Issue a new ProteinLab-only Coupang Partners link and paste it here.,
P3,37,calobye-sparkling-grape-340,Calobye Sparkling Grape 340,프로틴 스파클링 (포도),칼로바이,drink,18,https://link.coupang.com/a/e8Ng7euJa0,,,proteinlab,PENDING,has_existing_coupang_url,Issue a new ProteinLab-only Coupang Partners link and paste it here.,
P3,37,calobye-sparkling-pinkgrapefruit-340,Calobye Sparkling Pinkgrapefruit 340,프로틴 스파클링 (핑크자몽),칼로바이,drink,18,https://link.coupang.com/a/e8NiwzgGZg,,,proteinlab,PENDING,has_existing_coupang_url,Issue a new ProteinLab-only Coupang Partners link and paste it here.,
P3,37,danbaek-balance-original-190,Danbaek Balance Original 190,더단백 밸런스 (오리지널),더단백,drink,10,https://link.coupang.com/a/e8NJCn0h5M,,,proteinlab,PENDING,has_existing_coupang_url,Issue a new ProteinLab-only Coupang Partners link and paste it here.,
P3,37,danbaek-drink-banana-250,Danbaek Drink Banana 250,더단백 드링크 (바나나),더단백,drink,20,https://link.coupang.com/a/e8Ns5uFrgG,,,proteinlab,PENDING,has_existing_coupang_url,Issue a new ProteinLab-only Coupang Partners link and paste it here.,
P3,37,danbaek-drink-caramel-250,Danbaek Drink Caramel 250,더단백 드링크 (카라멜),더단백,drink,20,https://link.coupang.com/a/e8NHwDyU6S,,,proteinlab,PENDING,has_existing_coupang_url,Issue a new ProteinLab-only Coupang Partners link and paste it here.,
P3,37,danbaek-drink-chocolate-250,Danbaek Drink Chocolate 250,더단백 드링크 (초콜릿),더단백,drink,20,https://link.coupang.com/a/e8ND9sDGrk,,,proteinlab,PENDING,has_existing_coupang_url,Issue a new ProteinLab-only Coupang Partners link and paste it here.,
P3,37,danbaek-drink-coffee-250,Danbaek Drink Coffee 250,더단백 드링크 (커피),더단백,drink,20,https://link.coupang.com/a/e8MQn8PKHA,,,proteinlab,PENDING,has_existing_coupang_url,Issue a new ProteinLab-only Coupang Partners link and paste it here.,
P3,37,danbaek-drink-melon-250,Danbaek Drink Melon 250,더단백 드링크 (멜론),더단백,drink,20,https://link.coupang.com/a/e8NEUjR8JE,,,proteinlab,PENDING,has_existing_coupang_url,Issue a new ProteinLab-only Coupang Partners link and paste it here.,
P3,37,danbaek-drink-milktea-250,Danbaek Drink Milktea 250,더단백 드링크 (밀크티),더단백,drink,20,https://link.coupang.com/a/e8NtIaGllQ,,,proteinlab,PENDING,has_existing_coupang_url,Issue a new ProteinLab-only Coupang Partners link and paste it here.,
P3,37,danbaek-drink-mintchoco-250,Danbaek Drink Mintchoco 250,더단백 드링크 (민트초코),더단백,drink,20,https://link.coupang.com/a/e8NIaXb6iG,,,proteinlab,PENDING,has_existing_coupang_url,Issue a new ProteinLab-only Coupang Partners link and paste it here.,
P3,37,danbaek-drink-strawberry-250,Danbaek Drink Strawberry 250,더단백 드링크 (딸기),더단백,drink,20,https://link.coupang.com/a/e8Nuhh7aGi,,,proteinlab,PENDING,has_existing_coupang_url,Issue a new ProteinLab-only Coupang Partners link and paste it here.,
P3,37,danbaek-water-peach-250,Danbaek Water Peach 250,더단백 워터 프로틴 (복숭아),더단백,drink,12,https://link.coupang.com/a/e8MWnNZ4yy,,,proteinlab,PENDING,has_existing_coupang_url,Issue a new ProteinLab-only Coupang Partners link and paste it here.,
P3,37,dryou-protein-drink-banana-250,Dryou Protein Drink Banana 250,프로 단백질 드링크 (바나나),닥터유,drink,24,https://link.coupang.com/a/e8NRVkh6jI,,,proteinlab,PENDING,has_existing_coupang_url,Issue a new ProteinLab-only Coupang Partners link and paste it here.,
P3,37,dryou-protein-drink-choco-250,Dryou Protein Drink Choco 250,프로 단백질 드링크 (초콜릿),닥터유,drink,24,https://link.coupang.com/a/e8NGVr8vS0,,,proteinlab,PENDING,has_existing_coupang_url,Issue a new ProteinLab-only Coupang Partners link and paste it here.,
P3,37,dryou-protein-drink-strawberry-250,Dryou Protein Drink Strawberry 250,프로 단백질 드링크 (딸기),닥터유,drink,24,https://link.coupang.com/a/e8NV4bkXvM,,,proteinlab,PENDING,has_existing_coupang_url,Issue a new ProteinLab-only Coupang Partners link and paste it here.,
P3,37,greenbia-proteinmeal-active-almond-walnut-250,Greenbia Proteinmeal Active Almond Walnut 250,프로틴밀 액티브 (아몬드&호두),그린비아,drink,20,https://link.coupang.com/a/e8NNfGEGCi,,,proteinlab,PENDING,has_existing_coupang_url,Issue a new ProteinLab-only Coupang Partners link and paste it here.,
P3,37,greenbia-proteinmeal-active-choco-250,Greenbia Proteinmeal Active Choco 250,프로틴밀 액티브 (초콜릿),그린비아,drink,20,https://link.coupang.com/a/e8NMGCWd0C,,,proteinlab,PENDING,has_existing_coupang_url,Issue a new ProteinLab-only Coupang Partners link and paste it here.,
P3,37,harim-chicken-protein-savory-240,Harim Chicken Protein Savory 240,닭가슴살 프로틴 (고소한맛),하림,drink,21,https://link.coupang.com/a/e8MEah671E,,,proteinlab,PENDING,has_existing_coupang_url,Issue a new ProteinLab-only Coupang Partners link and paste it here.,
P3,37,hymune-balance-active-banana-250,Hymune Balance Active Banana 250,프로틴 밸런스 액티브 (바나나),하이뮨,drink,20,https://link.coupang.com/a/e8NQXQ2KFE,,,proteinlab,PENDING,has_existing_coupang_url,Issue a new ProteinLab-only Coupang Partners link and paste it here.,
P3,37,hymune-balance-active-cookie-cream-250,Hymune Balance Active Cookie Cream 250,프로틴 밸런스 액티브 (쿠키앤크림),하이뮨,drink,20,https://link.coupang.com/a/e8N2oc3tTM,,,proteinlab,PENDING,has_existing_coupang_url,Issue a new ProteinLab-only Coupang Partners link and paste it here.,
P3,37,hymune-balance-active-double-shot-coffee-250,Hymune Balance Active Double Shot Coffee 250,프로틴 밸런스 액티브 (더블샷 커피),하이뮨,drink,20,https://link.coupang.com/a/e8Nce1m3BQ,,,proteinlab,PENDING,has_existing_coupang_url,Issue a new ProteinLab-only Coupang Partners link and paste it here.,
P3,37,hymune-balance-active-milkshake-deepchoco-250,Hymune Balance Active Milkshake Deepchoco 250,프로틴 밸런스 액티브 (밀크쉐이크),하이뮨,drink,20,https://link.coupang.com/a/e8MVlhWS1Q,,,proteinlab,PENDING,has_existing_coupang_url,Issue a new ProteinLab-only Coupang Partners link and paste it here.,
P3,37,hymune-balance-active-night-tiramisu-zero-250,Hymune Balance Active Night Tiramisu Zero 250,프로틴 밸런스 액티브 (밤티라미수),하이뮨,drink,22,https://link.coupang.com/a/e8NagPSQsm,,,proteinlab,PENDING,has_existing_coupang_url,Issue a new ProteinLab-only Coupang Partners link and paste it here.,
P3,37,hymune-balance-active-original-250,Hymune Balance Active Original 250,프로틴 밸런스 액티브 (오리지널),하이뮨,drink,20,https://link.coupang.com/a/e8NY4Oy9YW,,,proteinlab,PENDING,has_existing_coupang_url,Issue a new ProteinLab-only Coupang Partners link and paste it here.,
P3,37,hymune-balance-active-plant-protein-250,Hymune Balance Active Plant Protein 250,프로틴 밸런스 액티브 (식물성 단백질),하이뮨,drink,20,https://link.coupang.com/a/e8NsswvP5w,,,proteinlab,PENDING,has_existing_coupang_url,Issue a new ProteinLab-only Coupang Partners link and paste it here.,
P3,37,hymune-balance-active-strawberry-250,Hymune Balance Active Strawberry 250,프로틴 밸런스 액티브 (딸기),하이뮨,drink,20,https://link.coupang.com/a/e8N6jH4Nrw,,,proteinlab,PENDING,has_existing_coupang_url,Issue a new ProteinLab-only Coupang Partners link and paste it here.,
P3,37,hymune-balance-active-vanilla-bonbon-zero-250,Hymune Balance Active Vanilla Bonbon Zero 250,프로틴 밸런스 액티브 (바닐라봉봉),하이뮨,drink,22,https://link.coupang.com/a/e8NbnRyykK,,,proteinlab,PENDING,has_existing_coupang_url,Issue a new ProteinLab-only Coupang Partners link and paste it here.,
P3,37,hymune-protein-balance-190,Hymune Protein Balance 190,프로틴 밸런스 (오리지널),하이뮨,drink,10,https://link.coupang.com/a/e8Ojnox1Q4,,,proteinlab,PENDING,has_existing_coupang_url,Issue a new ProteinLab-only Coupang Partners link and paste it here.,
P3,37,hymune-protein-balance-black-sesame-190,Hymune Protein Balance Black Sesame 190,프로틴 밸런스 (흑임자),하이뮨,drink,10,https://link.coupang.com/a/e8OliFJOpM,,,proteinlab,PENDING,has_existing_coupang_url,Issue a new ProteinLab-only Coupang Partners link and paste it here.,
P3,37,hymune-protein-balance-choco-190,Hymune Protein Balance Choco 190,프로틴 밸런스 (초콜릿),하이뮨,drink,10,https://link.coupang.com/a/e8N8qMKNWe,,,proteinlab,PENDING,has_existing_coupang_url,Issue a new ProteinLab-only Coupang Partners link and paste it here.,
P3,37,hymune-protein-balance-lowsugar-190,Hymune Protein Balance Lowsugar 190,프로틴 밸런스 (저당),하이뮨,drink,10,https://link.coupang.com/a/e8N09qfy5A,,,proteinlab,PENDING,has_existing_coupang_url,Issue a new ProteinLab-only Coupang Partners link and paste it here.,
P3,37,hymune-protein-balance-plant-highprotein-190,Hymune Protein Balance Plant Highprotein 190,프로틴 밸런스 (식물성 고단백),하이뮨,drink,10,https://link.coupang.com/a/e8NrCG2wiO,,,proteinlab,PENDING,has_existing_coupang_url,Issue a new ProteinLab-only Coupang Partners link and paste it here.,
P3,37,hymune-protein-balance-plus-190,Hymune Protein Balance Plus 190,프로틴 밸런스 (플러스),하이뮨,drink,13,https://link.coupang.com/a/e8OmBEPL2G,,,proteinlab,PENDING,has_existing_coupang_url,Issue a new ProteinLab-only Coupang Partners link and paste it here.,
P3,37,mymil-furotein-choco-250,Mymil Furotein Choco 250,퓨로틴 (초코맛),마이밀,drink,20,https://link.coupang.com/a/e8M4zXY6Oi,,,proteinlab,PENDING,has_existing_coupang_url,Issue a new ProteinLab-only Coupang Partners link and paste it here.,
P3,37,mymil-newprotein-banana-190,Mymil Newprotein Banana 190,뉴프로틴 (바나나),마이밀,drink,9,https://link.coupang.com/a/e8OnPfOtgq,,,proteinlab,PENDING,has_existing_coupang_url,Issue a new ProteinLab-only Coupang Partners link and paste it here.,
P3,37,mymil-newprotein-deepchoco-190,Mymil Newprotein Deepchoco 190,뉴프로틴 (딥초코),마이밀,drink,9,https://link.coupang.com/a/e8OhZGfWDc,,,proteinlab,PENDING,has_existing_coupang_url,Issue a new ProteinLab-only Coupang Partners link and paste it here.,
P3,37,mymil-newprotein-goatmilk-190,Mymil Newprotein Goatmilk 190,뉴프로틴 (산양유),마이밀,drink,9,https://link.coupang.com/a/e8OiKnP2vk,,,proteinlab,PENDING,has_existing_coupang_url,Issue a new ProteinLab-only Coupang Partners link and paste it here.,
P3,37,mymil-newprotein-original-190,Mymil Newprotein Original 190,뉴프로틴 (오리지널),마이밀,drink,9,https://link.coupang.com/a/e8Ohtei1ds,,,proteinlab,PENDING,has_existing_coupang_url,Issue a new ProteinLab-only Coupang Partners link and paste it here.,
P3,37,newcare-all-protein-plant-savory-250,Newcare All Protein Plant Savory 250,올프로틴 식물성단백질 (고소한맛),뉴케어,drink,20,https://link.coupang.com/a/e8MOjG199o,,,proteinlab,PENDING,has_existing_coupang_url,Issue a new ProteinLab-only Coupang Partners link and paste it here.,
P3,37,newcare-olprotein-water-apple-350,Newcare Olprotein Water Apple 350,올프로틴 워터 (사과),뉴케어,drink,20,https://link.coupang.com/a/e8NmhcH0km,,,proteinlab,PENDING,has_existing_coupang_url,Issue a new ProteinLab-only Coupang Partners link and paste it here.,
P3,37,newcare-olprotein-water-lemon-350,Newcare Olprotein Water Lemon 350,올프로틴 워터 (레몬),뉴케어,drink,20,https://link.coupang.com/a/e8NlDmSv4C,,,proteinlab,PENDING,has_existing_coupang_url,Issue a new ProteinLab-only Coupang Partners link and paste it here.,
P3,37,oatmont-protein-choco-250,Oatmont Protein Choco 250,프로틴 (초콜릿),오트몬드,drink,21,https://link.coupang.com/a/e8NoP5tVEP,,,proteinlab,PENDING,has_existing_coupang_url,Issue a new ProteinLab-only Coupang Partners link and paste it here.,
P3,37,oatmont-protein-cookiecream-250,Oatmont Protein Cookiecream 250,프로틴 (쿠키앤크림),오트몬드,drink,21,https://link.coupang.com/a/e8NpFXg31o,,,proteinlab,PENDING,has_existing_coupang_url,Issue a new ProteinLab-only Coupang Partners link and paste it here.,
P3,37,oatmont-protein-savory-250,Oatmont Protein Savory 250,프로틴 (고소한맛),오트몬드,drink,21,https://link.coupang.com/a/e8Nn27XAES,,,proteinlab,PENDING,has_existing_coupang_url,Issue a new ProteinLab-only Coupang Partners link and paste it here.,
P3,37,pasteur-easyprotein-cereal-250,Pasteur Easyprotein Cereal 250,이지프로틴 (시리얼),롯데웰푸드,drink,20,https://link.coupang.com/a/e8OkgllzwW,,,proteinlab,PENDING,has_existing_coupang_url,Issue a new ProteinLab-only Coupang Partners link and paste it here.,
P3,37,pasteur-easyprotein-lowsugar-choco-250,Pasteur Easyprotein Lowsugar Choco 250,이지프로틴 저당 (초콜릿),롯데웰푸드,drink,20,https://link.coupang.com/a/e8NSF0vxf2,,,proteinlab,PENDING,has_existing_coupang_url,Issue a new ProteinLab-only Coupang Partners link and paste it here.,
P3,37,sellex-profit-banana-250,Sellex Profit Banana 250,프로핏 (바나나),셀렉스,drink,20,https://link.coupang.com/a/e8MSIticfs,,,proteinlab,PENDING,has_existing_coupang_url,Issue a new ProteinLab-only Coupang Partners link and paste it here.,
P3,37,sellex-profit-mocha-chocolate-250,Sellex Profit Mocha Chocolate 250,프로핏 (모카 초콜릿),셀렉스,drink,20,https://link.coupang.com/a/e8MRZ5k8bY,,,proteinlab,PENDING,has_existing_coupang_url,Issue a new ProteinLab-only Coupang Partners link and paste it here.,
P3,37,sellex-profit-peach-icedtea-330,Sellex Profit Peach Icedtea 330,프로핏 스포츠 (복숭아 아이스티),셀렉스,drink,20,https://link.coupang.com/a/e8NLSc9rEa,,,proteinlab,PENDING,has_existing_coupang_url,Issue a new ProteinLab-only Coupang Partners link and paste it here.,
P3,37,sellex-profit-sports-choco-330,Sellex Profit Sports Choco 330,프로핏 스포츠 (초콜릿),셀렉스,drink,20,https://link.coupang.com/a/e8NeaakAQ8,,,proteinlab,PENDING,has_existing_coupang_url,Issue a new ProteinLab-only Coupang Partners link and paste it here.,
P3,37,sellex-profit-sports-coconut-330,Sellex Profit Sports Coconut 330,프로핏 스포츠 (코코넛),셀렉스,drink,20,https://link.coupang.com/a/e8NeQAxnk4,,,proteinlab,PENDING,has_existing_coupang_url,Issue a new ProteinLab-only Coupang Partners link and paste it here.,
P3,37,sellex-profit-strawberry-choco-250,Sellex Profit Strawberry Choco 250,프로핏 (딸기초코),셀렉스,drink,20,https://link.coupang.com/a/e8NdkFP4Vx,,,proteinlab,PENDING,has_existing_coupang_url,Issue a new ProteinLab-only Coupang Partners link and paste it here.,
P3,37,sellex-protein-dangsolve-corn-190,Sellex Protein Dangsolve Corn 190,프로틴 당솔브 (초당옥수수맛),셀렉스,drink,14,https://link.coupang.com/a/e8NOEFh3JY,,,proteinlab,PENDING,has_existing_coupang_url,Issue a new ProteinLab-only Coupang Partners link and paste it here.,
P3,37,sellex-protein-dangsolve-fivegrain-190,Sellex Protein Dangsolve Fivegrain 190,프로틴 당솔브 (오곡맛),셀렉스,drink,14,https://link.coupang.com/a/e8NPj81xGS,,,proteinlab,PENDING,has_existing_coupang_url,Issue a new ProteinLab-only Coupang Partners link and paste it here.,
P3,37,sellex-protein-lactosefree-original-190,Sellex Protein Lactosefree Original 190,프로틴 락토프리 (오리지널),셀렉스,drink,14,https://link.coupang.com/a/e8NN7uc16q,,,proteinlab,PENDING,has_existing_coupang_url,Issue a new ProteinLab-only Coupang Partners link and paste it here.,
P3,37,sellex-protein-lowsugar-190,Sellex Protein Lowsugar 190,프로틴 (로우슈거),셀렉스,drink,12,https://link.coupang.com/a/e8NPSHgelM,,,proteinlab,PENDING,has_existing_coupang_url,Issue a new ProteinLab-only Coupang Partners link and paste it here.,
P3,37,sellex-protein-original-190,Sellex Protein Original 190,프로틴 (오리지널),셀렉스,drink,12,https://link.coupang.com/a/e8OlQ1O5cq,,,proteinlab,PENDING,has_existing_coupang_url,Issue a new ProteinLab-only Coupang Partners link and paste it here.,
P3,37,seoulmilk-protein-energy-choco-240,Seoulmilk Protein Energy Choco 240,프로틴 에너지 (초콜릿),서울우유,drink,21,https://link.coupang.com/a/e8N7MtZVUi,,,proteinlab,PENDING,has_existing_coupang_url,Issue a new ProteinLab-only Coupang Partners link and paste it here.,
P3,37,solveandgo-protamin-choco-250,Solveandgo Protamin Choco 250,프로타민 (초코맛),솔브앤고,drink,24,https://link.coupang.com/a/e8NZWa76lg,,,proteinlab,PENDING,has_existing_coupang_url,Issue a new ProteinLab-only Coupang Partners link and paste it here.,
P3,37,solveandgo-protamin-savory-250,Solveandgo Protamin Savory 250,프로타민 (고소한맛),솔브앤고,drink,24,https://link.coupang.com/a/e8NTmX9Em4,,,proteinlab,PENDING,has_existing_coupang_url,Issue a new ProteinLab-only Coupang Partners link and paste it here.,
P3,37,takefit-max-banana-250,Takefit Max Banana 250,테이크핏 맥스 (바나나),테이크핏,drink,24,https://link.coupang.com/a/e8NwzcXuUu,,,proteinlab,PENDING,has_existing_coupang_url,Issue a new ProteinLab-only Coupang Partners link and paste it here.,
P3,37,takefit-max-pumpkin-250,Takefit Max Pumpkin 250,테이크핏 맥스 (호박고구마),테이크핏,drink,24,https://link.coupang.com/a/e8NxkHoenQ,,,proteinlab,PENDING,has_existing_coupang_url,Issue a new ProteinLab-only Coupang Partners link and paste it here.,
P3,37,ultive-protein-chestnut-250,Ultive Protein Chestnut 250,프로틴 (맛밤),얼티브,drink,21,https://link.coupang.com/a/e8M3xdZDu8,,,proteinlab,PENDING,has_existing_coupang_url,Issue a new ProteinLab-only Coupang Partners link and paste it here.,
P3,37,ultive-protein-pistachio-250,Ultive Protein Pistachio 250,프로틴 (피스타치오맛),얼티브,drink,21,https://link.coupang.com/a/e8M56sF71w,,,proteinlab,PENDING,has_existing_coupang_url,Issue a new ProteinLab-only Coupang Partners link and paste it here.,
P3,37,ultive-protein-rice-250,Ultive Protein Rice 250,프로틴 (햇반),얼티브,drink,21,https://link.coupang.com/a/e8M5iPJ3wy,,,proteinlab,PENDING,has_existing_coupang_url,Issue a new ProteinLab-only Coupang Partners link and paste it here.,
P3,37,ultive-protein-royalmilktea-250,Ultive Protein Royalmilktea 250,프로틴 (로얄밀크티향),얼티브,drink,20,https://link.coupang.com/a/e8M6FyYyPI,,,proteinlab,PENDING,has_existing_coupang_url,Issue a new ProteinLab-only Coupang Partners link and paste it here.,
P3,37,ultive-vegan-protein-banana-250,Ultive Vegan Protein Banana 250,비건 프로틴 (바나나맛),얼티브,drink,21,https://link.coupang.com/a/e8M7yslwDA,,,proteinlab,PENDING,has_existing_coupang_url,Issue a new ProteinLab-only Coupang Partners link and paste it here.,
P3,37,ultive-vegan-protein-choco-250,Ultive Vegan Protein Choco 250,비건 프로틴 (초코맛),얼티브,drink,21,https://link.coupang.com/a/e8M81wsGUS,,,proteinlab,PENDING,has_existing_coupang_url,Issue a new ProteinLab-only Coupang Partners link and paste it here.,
P3,37,yonsei-severance-a2-protein-choco-190,Yonsei Severance A2 Protein Choco 190,세브란스 A2 프로틴 (초콜릿),연세유업,drink,12,https://link.coupang.com/a/e8NUiJPU7w,,,proteinlab,PENDING,has_existing_coupang_url,Issue a new ProteinLab-only Coupang Partners link and paste it here.,
P3,37,yonsei-severance-a2-protein-coffee-190,Yonsei Severance A2 Protein Coffee 190,세브란스 A2 프로틴 (커피),연세유업,drink,12,https://link.coupang.com/a/e8NUXLFF7c,,,proteinlab,PENDING,has_existing_coupang_url,Issue a new ProteinLab-only Coupang Partners link and paste it here.,
P3,37,yonsei-severance-a2-protein-original-190,Yonsei Severance A2 Protein Original 190,세브란스 A2 프로틴 (오리지널),연세유업,drink,12,https://link.coupang.com/a/e8OcgrgETc,,,proteinlab,PENDING,has_existing_coupang_url,Issue a new ProteinLab-only Coupang Partners link and paste it here.,
P3,35,allthebetter-proteinshake-banana-latte-45,Allthebetter Proteinshake Banana Latte 45,단백질 쉐이크 (바나나라떼),올더배러,shake,24,https://link.coupang.com/a/fg0BbQBbgH,,,proteinlab,PENDING,has_existing_coupang_url,Issue a new ProteinLab-only Coupang Partners link and paste it here.,
P3,35,allthebetter-proteinshake-corn-latte-45,Allthebetter Proteinshake Corn Latte 45,단백질 쉐이크 (옥수수라떼),올더배러,shake,24,https://link.coupang.com/a/fg0BJJmVau,,,proteinlab,PENDING,has_existing_coupang_url,Issue a new ProteinLab-only Coupang Partners link and paste it here.,
P3,35,allthebetter-proteinshake-low-sugar-17grain-misugaru-45,Allthebetter Proteinshake Low Sugar 17grain Misugaru 45,단백질 쉐이크 (저당 17곡 미숫가루),올더배러,shake,24,https://link.coupang.com/a/fg0Crxirts,,,proteinlab,PENDING,has_existing_coupang_url,Issue a new ProteinLab-only Coupang Partners link and paste it here.,
P3,35,allthebetter-proteinshake-low-sugar-black-soy-milk-45,Allthebetter Proteinshake Low Sugar Black Soy Milk 45,단백질 쉐이크 (저당 검은콩두유),올더배러,shake,24,https://link.coupang.com/a/fg0C2A84LQ,,,proteinlab,PENDING,has_existing_coupang_url,Issue a new ProteinLab-only Coupang Partners link and paste it here.,
P3,35,allthebetter-proteinshake-low-sugar-chocolate-mousse-45,Allthebetter Proteinshake Low Sugar Chocolate Mousse 45,단백질 쉐이크 (저당 초콜릿무스),올더배러,shake,25,https://link.coupang.com/a/fg0D4qyMTc,,,proteinlab,PENDING,has_existing_coupang_url,Issue a new ProteinLab-only Coupang Partners link and paste it here.,
P3,35,allthebetter-proteinshake-multi-berry-smoothie-45,Allthebetter Proteinshake Multi Berry Smoothie 45,단백질 쉐이크 (멀티베리스무디),올더배러,shake,24,https://link.coupang.com/a/fg0ADIr4N2,,,proteinlab,PENDING,has_existing_coupang_url,Issue a new ProteinLab-only Coupang Partners link and paste it here.,
P3,35,baggio-shakeyam-choco-45,Baggio Shakeyam Choco 45,단백질 쉐이크얌 (초코),바지오,shake,21,https://link.coupang.com/a/fg0X4DHlGm,,,proteinlab,PENDING,has_existing_coupang_url,Issue a new ProteinLab-only Coupang Partners link and paste it here.,
P3,35,baggio-shakeyam-corn-45,Baggio Shakeyam Corn 45,단백질 쉐이크얌 (옥수수),바지오,shake,19,https://link.coupang.com/a/fg0110nXOu,,,proteinlab,PENDING,has_existing_coupang_url,Issue a new ProteinLab-only Coupang Partners link and paste it here.,
P3,35,baggio-shakeyam-grain-45,Baggio Shakeyam Grain 45,단백질 쉐이크얌 (곡물),바지오,shake,21,https://link.coupang.com/a/fg0YQwO30S,,,proteinlab,PENDING,has_existing_coupang_url,Issue a new ProteinLab-only Coupang Partners link and paste it here.,
P3,35,baggio-shakeyam-matcha-45,Baggio Shakeyam Matcha 45,단백질 쉐이크얌 (말차),바지오,shake,20,https://link.coupang.com/a/fg0ZyVLFPo,,,proteinlab,PENDING,has_existing_coupang_url,Issue a new ProteinLab-only Coupang Partners link and paste it here.,
P3,35,baggio-shakeyam-matcha-salted-caramel-45,Baggio Shakeyam Matcha Salted Caramel 45,단백질 쉐이크얌 (말차 솔티드카라멜),바지오,shake,18,https://link.coupang.com/a/fg01oZvIke,,,proteinlab,PENDING,has_existing_coupang_url,Issue a new ProteinLab-only Coupang Partners link and paste it here.,
P3,35,baggio-shakeyam-matcha-strawberry-latte-45,Baggio Shakeyam Matcha Strawberry Latte 45,단백질 쉐이크얌 (말차 딸기 라떼),바지오,shake,18,https://link.coupang.com/a/fg00CzQUVM,,,proteinlab,PENDING,has_existing_coupang_url,Issue a new ProteinLab-only Coupang Partners link and paste it here.,
P3,35,baggio-shakeyam-oolong-milk-tea-45,Baggio Shakeyam Oolong Milk Tea 45,단백질 쉐이크얌 (우롱 밀크티),바지오,shake,18,https://link.coupang.com/a/fg02ItN2uy,,,proteinlab,PENDING,has_existing_coupang_url,Issue a new ProteinLab-only Coupang Partners link and paste it here.,
P3,35,benof-proteinshake-chocolate-cereal-40,Benof Proteinshake Chocolate Cereal 40,단백질 쉐이크 (초콜릿시리얼),베노프,shake,20,https://link.coupang.com/a/fg0H8EgJXM,,,proteinlab,PENDING,has_existing_coupang_url,Issue a new ProteinLab-only Coupang Partners link and paste it here.,
P3,35,benof-proteinshake-misugaru-cereal-40,Benof Proteinshake Misugaru Cereal 40,단백질 쉐이크 (미숫가루시리얼),베노프,shake,20,https://link.coupang.com/a/fg0zeZqDPU,,,proteinlab,PENDING,has_existing_coupang_url,Issue a new ProteinLab-only Coupang Partners link and paste it here.,
P3,35,cruntin-proteinshake-choco-is-back-crunchball-50,Cruntin Proteinshake Choco Is Back Crunchball 50,단백질 쉐이크 (초코이즈백 크런치볼),크런틴,shake,21,https://link.coupang.com/a/fg0VRGOhOu,,,proteinlab,PENDING,has_existing_coupang_url,Issue a new ProteinLab-only Coupang Partners link and paste it here.,
P3,35,cruntin-proteinshake-cornflaky-55,Cruntin Proteinshake Cornflaky 55,단백질 쉐이크 (콘플레이키),크런틴,shake,20.2,https://link.coupang.com/a/fg0WuBg6iO,,,proteinlab,PENDING,has_existing_coupang_url,Issue a new ProteinLab-only Coupang Partners link and paste it here.,
P3,35,cruntin-proteinshake-matcha-crush-crunchball-50,Cruntin Proteinshake Matcha Crush Crunchball 50,단백질 쉐이크 (말차크러쉬 크런치볼),크런틴,shake,20.2,https://link.coupang.com/a/fg0UithvQi,,,proteinlab,PENDING,has_existing_coupang_url,Issue a new ProteinLab-only Coupang Partners link and paste it here.,
P3,35,cruntin-proteinshake-ogoknola-50,Cruntin Proteinshake Ogoknola 50,단백질 쉐이크 (오곡놀라),크런틴,shake,20.3,https://link.coupang.com/a/fg0U7LcoVg,,,proteinlab,PENDING,has_existing_coupang_url,Issue a new ProteinLab-only Coupang Partners link and paste it here.,
P3,35,danbaekhani-proteinshake-choco-40,Danbaekhani Proteinshake Choco 40,단백질 쉐이크 (초코),단백하니,shake,22,https://link.coupang.com/a/fgZRywLx2y,,,proteinlab,PENDING,has_existing_coupang_url,Issue a new ProteinLab-only Coupang Partners link and paste it here.,
P3,35,danbaekhani-proteinshake-matcha-40,Danbaekhani Proteinshake Matcha 40,단백질 쉐이크 (말차),단백하니,shake,22,https://link.coupang.com/a/fgZYOy9jIi,,,proteinlab,PENDING,has_existing_coupang_url,Issue a new ProteinLab-only Coupang Partners link and paste it here.,
P3,35,danbaekhani-proteinshake-signature-40,Danbaekhani Proteinshake Signature 40,단백질 쉐이크 (시그니처),단백하니,shake,22,https://link.coupang.com/a/fgZOnjeVTo,,,proteinlab,PENDING,has_existing_coupang_url,Issue a new ProteinLab-only Coupang Partners link and paste it here.,
P3,35,flymill-proteinshake-banana-45,Flymill Proteinshake Banana 45,단백질 쉐이크 (바나나),플라이밀,shake,20.4,https://link.coupang.com/a/fgZPvO8Lg4,,,proteinlab,PENDING,has_existing_coupang_url,Issue a new ProteinLab-only Coupang Partners link and paste it here.,
P3,35,flymill-proteinshake-black-45,Flymill Proteinshake Black 45,단백질 쉐이크 (블랙),플라이밀,shake,22,https://link.coupang.com/a/fg0tbfUNS8,,,proteinlab,PENDING,has_existing_coupang_url,Issue a new ProteinLab-only Coupang Partners link and paste it here.,
P3,35,flymill-proteinshake-brown-45,Flymill Proteinshake Brown 45,단백질 쉐이크 (브라운),플라이밀,shake,20,https://link.coupang.com/a/fg0sn4mMwu,,,proteinlab,PENDING,has_existing_coupang_url,Issue a new ProteinLab-only Coupang Partners link and paste it here.,
P3,35,flymill-proteinshake-choco-45,Flymill Proteinshake Choco 45,단백질 쉐이크 (초코),플라이밀,shake,22,https://link.coupang.com/a/fgZKPZdcoC,,,proteinlab,PENDING,has_existing_coupang_url,Issue a new ProteinLab-only Coupang Partners link and paste it here.,
P3,35,flymill-proteinshake-cookie-cream-45,Flymill Proteinshake Cookie Cream 45,단백질 쉐이크 (쿠키앤크림),플라이밀,shake,20.3,https://link.coupang.com/a/fg0MWQ1hf2,,,proteinlab,PENDING,has_existing_coupang_url,Issue a new ProteinLab-only Coupang Partners link and paste it here.,
P3,35,flymill-proteinshake-corn-cereal-45,Flymill Proteinshake Corn Cereal 45,단백질 쉐이크 (콘시리얼),플라이밀,shake,20,https://link.coupang.com/a/fg0tKH4taK,,,proteinlab,PENDING,has_existing_coupang_url,Issue a new ProteinLab-only Coupang Partners link and paste it here.,
P3,35,flymill-proteinshake-dolce-latte-45,Flymill Proteinshake Dolce Latte 45,단백질 쉐이크 (돌체라떼),플라이밀,shake,20,https://link.coupang.com/a/fg0qTfaFhI,,,proteinlab,PENDING,has_existing_coupang_url,Issue a new ProteinLab-only Coupang Partners link and paste it here.,
P3,35,flymill-proteinshake-goguma-45,Flymill Proteinshake Goguma 45,단백질 쉐이크 (고구마),플라이밀,shake,19,https://link.coupang.com/a/fgZZyAikrA,,,proteinlab,PENDING,has_existing_coupang_url,Issue a new ProteinLab-only Coupang Partners link and paste it here.,
P3,35,flymill-proteinshake-green-45,Flymill Proteinshake Green 45,단백질 쉐이크 (그린),플라이밀,shake,21,https://link.coupang.com/a/fg0qlV8R0m,,,proteinlab,PENDING,has_existing_coupang_url,Issue a new ProteinLab-only Coupang Partners link and paste it here.,
P3,35,flymill-proteinshake-milk-tea-45,Flymill Proteinshake Milk Tea 45,단백질 쉐이크 (밀크티),플라이밀,shake,20,https://link.coupang.com/a/fg0rslbCqi,,,proteinlab,PENDING,has_existing_coupang_url,Issue a new ProteinLab-only Coupang Partners link and paste it here.,
P3,35,flymill-proteinshake-peanut-butter-45,Flymill Proteinshake Peanut Butter 45,단백질 쉐이크 (피넛버터),플라이밀,shake,24,https://link.coupang.com/a/fg0NOSdSKW,,,proteinlab,PENDING,has_existing_coupang_url,Issue a new ProteinLab-only Coupang Partners link and paste it here.,
P3,35,flymill-proteinshake-pistachio-45,Flymill Proteinshake Pistachio 45,단백질 쉐이크 (피스타치오),플라이밀,shake,20.8,https://link.coupang.com/a/fg0OwfAlq0,,,proteinlab,PENDING,has_existing_coupang_url,Issue a new ProteinLab-only Coupang Partners link and paste it here.,
P3,35,flymill-proteinshake-strawberry-45,Flymill Proteinshake Strawberry 45,단백질 쉐이크 (딸기),플라이밀,shake,19,https://link.coupang.com/a/fgZSGxN5fU,,,proteinlab,PENDING,has_existing_coupang_url,Issue a new ProteinLab-only Coupang Partners link and paste it here.,
P3,35,fromit-proteinshake-blueberry-greek-yogurt-45,Fromit Proteinshake Blueberry Greek Yogurt 45,단백질 쉐이크 (블루베리그릭요거트),프롬잇,shake,18,https://link.coupang.com/a/fg0SpJPi1c,,,proteinlab,PENDING,has_existing_coupang_url,Issue a new ProteinLab-only Coupang Partners link and paste it here.,
P3,35,fromit-proteinshake-choco-45,Fromit Proteinshake Choco 45,단백질 쉐이크 (초코),프롬잇,shake,22,https://link.coupang.com/a/fg0TCQqNRA,,,proteinlab,PENDING,has_existing_coupang_url,Issue a new ProteinLab-only Coupang Partners link and paste it here.,
P3,35,fromit-proteinshake-grain-black-sesame-45,Fromit Proteinshake Grain Black Sesame 45,단백질 쉐이크 (곡물흑임자),프롬잇,shake,21,https://link.coupang.com/a/fg0S0oBXJ6,,,proteinlab,PENDING,has_existing_coupang_url,Issue a new ProteinLab-only Coupang Partners link and paste it here.,
P3,35,hyindam-ttukttak-shake-choco-protein-60,Hyindam Ttukttak Shake Choco Protein 60,뚝딱쉐이크 (초코프로틴),혜인담,shake,20.7,https://link.coupang.com/a/fg0Fy0UMlU,,,proteinlab,PENDING,has_existing_coupang_url,Issue a new ProteinLab-only Coupang Partners link and paste it here.,
P3,35,hyindam-ttukttak-shake-original-60,Hyindam Ttukttak Shake Original 60,뚝딱쉐이크 (오리지널),혜인담,shake,14.5,https://link.coupang.com/a/fg0zXcoCWG,,,proteinlab,PENDING,has_existing_coupang_url,Issue a new ProteinLab-only Coupang Partners link and paste it here.,
P3,35,hyindam-ttukttak-shake-ppong-latte-50,Hyindam Ttukttak Shake Ppong Latte 50,뚝딱쉐이크 (퐁라떼맛),혜인담,shake,16.3,https://link.coupang.com/a/fg0F6DdMHY,,,proteinlab,PENDING,has_existing_coupang_url,Issue a new ProteinLab-only Coupang Partners link and paste it here.,
P3,35,hyindam-ttukttak-shake-seoritae-60,Hyindam Ttukttak Shake Seoritae 60,뚝딱쉐이크 (서리태),혜인담,shake,17.2,https://link.coupang.com/a/fg0EQi5NbU,,,proteinlab,PENDING,has_existing_coupang_url,Issue a new ProteinLab-only Coupang Partners link and paste it here.,
P3,35,itthefit-proteinshake-banana-40,Itthefit Proteinshake Banana 40,단백질 쉐이크 (바나나),잇더핏,shake,21.7,https://link.coupang.com/a/fg0Mny6Gqq,,,proteinlab,PENDING,has_existing_coupang_url,Issue a new ProteinLab-only Coupang Partners link and paste it here.,
P3,35,itthefit-proteinshake-black-sesame-40,Itthefit Proteinshake Black Sesame 40,단백질 쉐이크 (흑임자),잇더핏,shake,21,https://link.coupang.com/a/fg0kruMYKq,,,proteinlab,PENDING,has_existing_coupang_url,Issue a new ProteinLab-only Coupang Partners link and paste it here.,
P3,35,itthefit-proteinshake-cafe-latte-40,Itthefit Proteinshake Cafe Latte 40,단백질 쉐이크 (카페라떼),잇더핏,shake,21.9,https://link.coupang.com/a/fg0egqxKqi,,,proteinlab,PENDING,has_existing_coupang_url,Issue a new ProteinLab-only Coupang Partners link and paste it here.,
P3,35,itthefit-proteinshake-cookie-cream-40,Itthefit Proteinshake Cookie Cream 40,단백질 쉐이크 (쿠키앤크림),잇더핏,shake,21.3,https://link.coupang.com/a/fg0eWBfHTo,,,proteinlab,PENDING,has_existing_coupang_url,Issue a new ProteinLab-only Coupang Partners link and paste it here.,
P3,35,itthefit-proteinshake-corn-40,Itthefit Proteinshake Corn 40,단백질 쉐이크 (옥수수),잇더핏,shake,21.4,https://link.coupang.com/a/fg0nJGCFZQ,,,proteinlab,PENDING,has_existing_coupang_url,Issue a new ProteinLab-only Coupang Partners link and paste it here.,
P3,35,itthefit-proteinshake-goguma-40,Itthefit Proteinshake Goguma 40,단백질 쉐이크 (고구마),잇더핏,shake,21,https://link.coupang.com/a/fg0mtHrYzc,,,proteinlab,PENDING,has_existing_coupang_url,Issue a new ProteinLab-only Coupang Partners link and paste it here.,
P3,35,itthefit-proteinshake-green-tea-latte-40,Itthefit Proteinshake Green Tea Latte 40,단백질 쉐이크 (녹차라떼),잇더핏,shake,22.4,https://link.coupang.com/a/fg0wtSetmm,,,proteinlab,PENDING,has_existing_coupang_url,Issue a new ProteinLab-only Coupang Partners link and paste it here.,
P3,35,itthefit-proteinshake-misugaru-40,Itthefit Proteinshake Misugaru 40,단백질 쉐이크 (미숫가루),잇더핏,shake,28.7,https://link.coupang.com/a/fg0m4YjUf6,,,proteinlab,PENDING,has_existing_coupang_url,Issue a new ProteinLab-only Coupang Partners link and paste it here.,
P3,35,kkobak-kobab-high-protein-low-sugar-black-sesame-40,Kkobak Kobab High Protein Low Sugar Black Sesame 40,단백질 쉐이크 고단저당 (흑임자),꼬박꼬밥,shake,21,https://link.coupang.com/a/fg0imqpzJA,,,proteinlab,PENDING,has_existing_coupang_url,Issue a new ProteinLab-only Coupang Partners link and paste it here.,
P3,35,kkobak-kobab-high-protein-low-sugar-choco-40,Kkobak Kobab High Protein Low Sugar Choco 40,단백질 쉐이크 고단저당 (초코),꼬박꼬밥,shake,20,https://link.coupang.com/a/fg0fwSmqdM,,,proteinlab,PENDING,has_existing_coupang_url,Issue a new ProteinLab-only Coupang Partners link and paste it here.,
P3,35,kkobak-kobab-high-protein-low-sugar-coffee-40,Kkobak Kobab High Protein Low Sugar Coffee 40,단백질 쉐이크 고단저당 (커피),꼬박꼬밥,shake,20,https://link.coupang.com/a/fg0gc3KUWy,,,proteinlab,PENDING,has_existing_coupang_url,Issue a new ProteinLab-only Coupang Partners link and paste it here.,
P3,35,kkobak-kobab-high-protein-low-sugar-jeju-matcha-40,Kkobak Kobab High Protein Low Sugar Jeju Matcha 40,단백질 쉐이크 고단저당 (제주 말차),꼬박꼬밥,shake,20,https://link.coupang.com/a/fg0g2prRQa,,,proteinlab,PENDING,has_existing_coupang_url,Issue a new ProteinLab-only Coupang Partners link and paste it here.,
P3,35,kkobak-kobab-high-protein-low-sugar-misugaru-40,Kkobak Kobab High Protein Low Sugar Misugaru 40,단백질 쉐이크 고단저당 (미숫가루),꼬박꼬밥,shake,20,https://link.coupang.com/a/fg0i47VrZR,,,proteinlab,PENDING,has_existing_coupang_url,Issue a new ProteinLab-only Coupang Partners link and paste it here.,
P3,35,kkobak-kobab-high-protein-low-sugar-sweet-corn-40,Kkobak Kobab High Protein Low Sugar Sweet Corn 40,단백질 쉐이크 고단저당 (스윗콘),꼬박꼬밥,shake,20,https://link.coupang.com/a/fg0hIgZXd6,,,proteinlab,PENDING,has_existing_coupang_url,Issue a new ProteinLab-only Coupang Partners link and paste it here.,
P3,35,labnosh-slimshake-double-choco-45,Labnosh Slimshake Double Choco 45,슬림쉐이크 (더블초코),랩노쉬,shake,20,https://link.coupang.com/a/fgZMPP3Et2,,,proteinlab,PENDING,has_existing_coupang_url,Issue a new ProteinLab-only Coupang Partners link and paste it here.,
P3,35,labnosh-slimshake-earl-grey-milk-tea-45,Labnosh Slimshake Earl Grey Milk Tea 45,슬림쉐이크 (얼그레이밀크티),랩노쉬,shake,20,https://link.coupang.com/a/fg0vbjbQlg,,,proteinlab,PENDING,has_existing_coupang_url,Issue a new ProteinLab-only Coupang Partners link and paste it here.,
P3,35,labnosh-slimshake-goguma-45,Labnosh Slimshake Goguma 45,슬림쉐이크 (고구마),랩노쉬,shake,20,https://link.coupang.com/a/fgZXZyILNQ,,,proteinlab,PENDING,has_existing_coupang_url,Issue a new ProteinLab-only Coupang Partners link and paste it here.,
P3,35,labnosh-slimshake-injeolmi-45,Labnosh Slimshake Injeolmi 45,슬림쉐이크 (인절미),랩노쉬,shake,20,https://link.coupang.com/a/fgZQti2ibY,,,proteinlab,PENDING,has_existing_coupang_url,Issue a new ProteinLab-only Coupang Partners link and paste it here.,
P3,35,labnosh-slimshake-jeju-matcha-45,Labnosh Slimshake Jeju Matcha 45,슬림쉐이크 (제주말차),랩노쉬,shake,20,https://link.coupang.com/a/fgZ0iQPxWS,,,proteinlab,PENDING,has_existing_coupang_url,Issue a new ProteinLab-only Coupang Partners link and paste it here.,
P3,35,labnosh-slimshake-roasting-black-sesame-45,Labnosh Slimshake Roasting Black Sesame 45,슬림쉐이크 (로스팅흑임자),랩노쉬,shake,20,https://link.coupang.com/a/fg0b6GYRdQ,,,proteinlab,PENDING,has_existing_coupang_url,Issue a new ProteinLab-only Coupang Partners link and paste it here.,
P3,35,labnosh-slimshake-strawberry-banana-45,Labnosh Slimshake Strawberry Banana 45,슬림쉐이크 (딸기바나나),랩노쉬,shake,20,https://link.coupang.com/a/fg0bxmGGse,,,proteinlab,PENDING,has_existing_coupang_url,Issue a new ProteinLab-only Coupang Partners link and paste it here.,
P3,35,labnosh-slimshake-strawberry-cookie-crumble-45,Labnosh Slimshake Strawberry Cookie Crumble 45,슬림쉐이크 (딸기쿠키크럼블),랩노쉬,shake,20,https://link.coupang.com/a/fg0ufOi7wG,,,proteinlab,PENDING,has_existing_coupang_url,Issue a new ProteinLab-only Coupang Partners link and paste it here.,
P3,35,labnosh-slimshake-super-sweet-corn-45,Labnosh Slimshake Super Sweet Corn 45,슬림쉐이크 (초당옥수수),랩노쉬,shake,20,https://link.coupang.com/a/fg0vUuOH92,,,proteinlab,PENDING,has_existing_coupang_url,Issue a new ProteinLab-only Coupang Partners link and paste it here.,
P3,35,lookat-proteinshake-choco-hazelnut-45,Lookat Proteinshake Choco Hazelnut 45,단백질 쉐이크 (초코헤이즐넛),룩트,shake,16.8,https://link.coupang.com/a/fg0yGxa2F2,,,proteinlab,PENDING,has_existing_coupang_url,Issue a new ProteinLab-only Coupang Partners link and paste it here.,
P3,35,lookat-proteinshake-cinnamon-pecan-45,Lookat Proteinshake Cinnamon Pecan 45,단백질 쉐이크 (시나몬피칸),룩트,shake,16.5,https://link.coupang.com/a/fg0x1jUtZA,,,proteinlab,PENDING,has_existing_coupang_url,Issue a new ProteinLab-only Coupang Partners link and paste it here.,
P3,35,lookat-proteinshake-roasted-soy-soboro-45,Lookat Proteinshake Roasted Soy Soboro 45,단백질 쉐이크 (볶음콩소보로),룩트,shake,20.7,https://link.coupang.com/a/fg0w2rgb3k,,,proteinlab,PENDING,has_existing_coupang_url,Issue a new ProteinLab-only Coupang Partners link and paste it here.,
P3,35,milit-proteinshake-banana-40,Milit Proteinshake Banana 40,단백질 쉐이크 (바나나맛),밀잇,shake,14,https://link.coupang.com/a/fg0pMlKPWS,,,proteinlab,PENDING,has_existing_coupang_url,Issue a new ProteinLab-only Coupang Partners link and paste it here.,
P3,35,milit-proteinshake-cereal-40,Milit Proteinshake Cereal 40,단백질 쉐이크 (시리얼맛),밀잇,shake,18,https://link.coupang.com/a/fg0KZKlAzc,,,proteinlab,PENDING,has_existing_coupang_url,Issue a new ProteinLab-only Coupang Partners link and paste it here.,
P3,35,milit-proteinshake-chocolate-40,Milit Proteinshake Chocolate 40,단백질 쉐이크 (초콜릿맛),밀잇,shake,16,https://link.coupang.com/a/fg0ovezIaG,,,proteinlab,PENDING,has_existing_coupang_url,Issue a new ProteinLab-only Coupang Partners link and paste it here.,
P3,35,milit-proteinshake-coffee-40,Milit Proteinshake Coffee 40,단백질 쉐이크 (커피맛),밀잇,shake,16,https://link.coupang.com/a/fg0o9ofp2y,,,proteinlab,PENDING,has_existing_coupang_url,Issue a new ProteinLab-only Coupang Partners link and paste it here.,
P3,35,milit-proteinshake-matcha-choco-cookie-40,Milit Proteinshake Matcha Choco Cookie 40,단백질 쉐이크 (말차초코쿠키맛),밀잇,shake,20,https://link.coupang.com/a/fg0JjyVTgW,,,proteinlab,PENDING,has_existing_coupang_url,Issue a new ProteinLab-only Coupang Partners link and paste it here.,
P3,35,milit-proteinshake-melon-40,Milit Proteinshake Melon 40,단백질 쉐이크 (멜론맛),밀잇,shake,15,https://link.coupang.com/a/fg0KlvvkZ2,,,proteinlab,PENDING,has_existing_coupang_url,Issue a new ProteinLab-only Coupang Partners link and paste it here.,
P3,35,milit-proteinshake-pistachio-40,Milit Proteinshake Pistachio 40,단백질 쉐이크 (피스타치오맛),밀잇,shake,15,https://link.coupang.com/a/fg0LHqnOto,,,proteinlab,PENDING,has_existing_coupang_url,Issue a new ProteinLab-only Coupang Partners link and paste it here.,
P3,35,proteone-proteinshake-black-sesame-40,Proteone Proteinshake Black Sesame 40,단백질 쉐이크 (흑임자맛),프로티원,shake,20,https://link.coupang.com/a/fg0dzkkr9g,,,proteinlab,PENDING,has_existing_coupang_url,Issue a new ProteinLab-only Coupang Partners link and paste it here.,
P3,35,proteone-proteinshake-coffee-40,Proteone Proteinshake Coffee 40,단백질 쉐이크 (커피맛),프로티원,shake,22,https://link.coupang.com/a/fgZ27kGoNw,,,proteinlab,PENDING,has_existing_coupang_url,Issue a new ProteinLab-only Coupang Partners link and paste it here.,
P3,35,proteone-proteinshake-grain-40,Proteone Proteinshake Grain 40,단백질 쉐이크 (곡물맛),프로티원,shake,20,https://link.coupang.com/a/fg0jJ5P9S8,,,proteinlab,PENDING,has_existing_coupang_url,Issue a new ProteinLab-only Coupang Partners link and paste it here.,
P3,35,proteone-proteinshake-strawberry-40,Proteone Proteinshake Strawberry 40,단백질 쉐이크 (딸기맛),프로티원,shake,20,https://link.coupang.com/a/fg0cYwKeom,,,proteinlab,PENDING,has_existing_coupang_url,Issue a new ProteinLab-only Coupang Partners link and paste it here.,
P3,35,shakebaby-proteinshake-choco-45,Shakebaby Proteinshake Choco 45,단백질 쉐이크 (초코맛),쉐이크베이비,shake,22,https://link.coupang.com/a/fg03sNPqzk,,,proteinlab,PENDING,has_existing_coupang_url,Issue a new ProteinLab-only Coupang Partners link and paste it here.,
P3,35,shakebaby-proteinshake-grain-45,Shakebaby Proteinshake Grain 45,단백질 쉐이크 (곡물맛),쉐이크베이비,shake,20,https://link.coupang.com/a/fg05Wly3Xw,,,proteinlab,PENDING,has_existing_coupang_url,Issue a new ProteinLab-only Coupang Partners link and paste it here.,
P3,35,shakebaby-proteinshake-matcha-45,Shakebaby Proteinshake Matcha 45,단백질 쉐이크 (말차맛),쉐이크베이비,shake,21,https://link.coupang.com/a/fg045ZUzG8,,,proteinlab,PENDING,has_existing_coupang_url,Issue a new ProteinLab-only Coupang Partners link and paste it here.,
P3,35,shakebaby-proteinshake-strawberry-45,Shakebaby Proteinshake Strawberry 45,단백질 쉐이크 (딸기맛),쉐이크베이비,shake,20,https://link.coupang.com/a/fg04aMjR2O,,,proteinlab,PENDING,has_existing_coupang_url,Issue a new ProteinLab-only Coupang Partners link and paste it here.,
P3,35,shakebaby-proteinshake-sweetcorn-flakes-45,Shakebaby Proteinshake Sweetcorn Flakes 45,단백질 쉐이크 (스윗콘 플레이크맛),쉐이크베이비,shake,20,https://link.coupang.com/a/fg06AalNca,,,proteinlab,PENDING,has_existing_coupang_url,Issue a new ProteinLab-only Coupang Partners link and paste it here.,
P3,35,thedanbaek-proteinshake-powder-choco-32,Thedanbaek Proteinshake Powder Choco 32,단백질쉐이크 파우더 (초코),더단백,shake,20,https://link.coupang.com/a/fg0PlINItw,,,proteinlab,PENDING,has_existing_coupang_url,Issue a new ProteinLab-only Coupang Partners link and paste it here.,
P3,35,thedanbaek-proteinshake-powder-grain-32,Thedanbaek Proteinshake Powder Grain 32,단백질쉐이크 파우더 (곡물),더단백,shake,20,https://link.coupang.com/a/fg0PSNVanI,,,proteinlab,PENDING,has_existing_coupang_url,Issue a new ProteinLab-only Coupang Partners link and paste it here.,
P3,33,balance-meal-protein-bar-matcha-choco-38,Balance Meal Protein Bar Matcha Choco 38,밸런스밀 프로틴바 (말차초코),CJ제일제당,bar,12,https://link.coupang.com/a/fg2GbhI0K4,,,proteinlab,PENDING,has_existing_coupang_url,Issue a new ProteinLab-only Coupang Partners link and paste it here.,
P3,33,balance-meal-protein-bar-peanutbutter-34,Balance Meal Protein Bar Peanutbutter 34,밸런스밀 프로틴바 (피넛버터),CJ제일제당,bar,12,https://link.coupang.com/a/fg2GVwHnQO,,,proteinlab,PENDING,has_existing_coupang_url,Issue a new ProteinLab-only Coupang Partners link and paste it here.,
P3,33,calobye-daily-nuts-proteinbar,Calobye Daily Nuts Proteinbar,하루견과 단백질바,칼로바이,bar,10,https://link.coupang.com/a/fg2udlaKLQ,,,proteinlab,PENDING,has_existing_coupang_url,Issue a new ProteinLab-only Coupang Partners link and paste it here.,
P3,33,cralo-79-corn-yogurt-bar-25,Cralo 79 Corn Yogurt Bar 25,79 콘요구르트바 300g,씨알로,bar,1,https://link.coupang.com/a/fg2LkxujmK,,,proteinlab,PENDING,has_existing_coupang_url,Issue a new ProteinLab-only Coupang Partners link and paste it here.,
P3,33,cralo-plant-proteinbar,Cralo Plant Proteinbar,식물성단백질바,씨알로,bar,10,https://www.coupang.com/vp/products/6204369926?itemId=12329742710&vendorItemId=92437079941&q=%EC%94%A8%EC%95%8C%EB%A1%9C+%EC%8B%9D%EB%AC%BC%EC%84%B1%EB%8B%A8%EB%B0%B1%EC%A7%88%EB%B0%94&searchId=61f0177e910252&sourceType=search&itemsCount=36&searchRank=0&rank=0&traceId=mmyl8rat,,,proteinlab,PENDING,has_existing_coupang_url,Issue a new ProteinLab-only Coupang Partners link and paste it here.,
P3,33,danbaekhani-protein-bar-berry-30,Danbaekhani Protein Bar Berry 30,프로틴바 (베리),단백하니,bar,10,https://www.coupang.com/vp/products/8802155167?itemId=26192923642&vendorItemId=93172255273&q=%EB%8B%A8%EB%B0%B1%ED%95%98%EB%8B%88+%ED%94%84%EB%A1%9C%ED%8B%B4%EB%B0%94+%28%EB%B2%A0%EB%A6%AC%29&searchId=2540a897729015&sourceType=search&itemsCount=36&searchRank=0&rank=0&traceId=mmyl9t83,,,proteinlab,PENDING,has_existing_coupang_url,Issue a new ProteinLab-only Coupang Partners link and paste it here.,
P3,33,danbaekhani-protein-bar-choco-38,Danbaekhani Protein Bar Choco 38,프로틴바 (초코),단백하니,bar,12,https://www.coupang.com/vp/products/8802152487?itemId=25631675250&vendorItemId=92621811720&q=%EB%8B%A8%EB%B0%B1%ED%95%98%EB%8B%88%20%ED%94%84%EB%A1%9C%ED%8B%B4%EB%B0%94%20(%EC%B4%88%EC%BD%94)&searchId=b7e3ca38724376&sourceType=search&itemsCount=36&searchRank=0&rank=0&traceId=mmyla392,,,proteinlab,PENDING,has_existing_coupang_url,Issue a new ProteinLab-only Coupang Partners link and paste it here.,
P3,33,danbaekhani-protein-bar-matcha-choco-38,Danbaekhani Protein Bar Matcha Choco 38,프로틴바 (말차초코),단백하니,bar,12,https://www.coupang.com/vp/products/9238581579?itemId=27316846673&vendorItemId=94995221455,,,proteinlab,PENDING,has_existing_coupang_url,Issue a new ProteinLab-only Coupang Partners link and paste it here.,
P3,33,danbaekhani-protein-bar-peanutbutter-38,Danbaekhani Protein Bar Peanutbutter 38,프로틴바 (피넛버터),단백하니,bar,12,https://www.coupang.com/vp/products/9183196271?itemId=27283149526&vendorItemId=94249810713,,,proteinlab,PENDING,has_existing_coupang_url,Issue a new ProteinLab-only Coupang Partners link and paste it here.,
P3,33,danbaekhani-protein-bar-signature-31,Danbaekhani Protein Bar Signature 31,프로틴바 시그니처,단백하니,bar,12,https://www.coupang.com/vp/products/8802146213?itemId=25631627100&vendorItemId=92621759636&q=%EB%8B%A8%EB%B0%B1%ED%95%98%EB%8B%88+%ED%94%84%EB%A1%9C%ED%8B%B4%EB%B0%94+%EC%8B%9C%EA%B7%B8%EB%8B%88%EC%B2%98&searchId=eed4cf69728656&sourceType=search&itemsCount=36&searchRank=0&rank=0&traceId=mmylbilt,,,proteinlab,PENDING,has_existing_coupang_url,Issue a new ProteinLab-only Coupang Partners link and paste it here.,
P3,33,dryou-proteinbar-bite-crunch,Dryou Proteinbar Bite Crunch,프로 단백질바 한입쏙 (크런치),닥터유,bar,8.4,https://link.coupang.com/a/fg2gnglJZY,,,proteinlab,PENDING,has_existing_coupang_url,Issue a new ProteinLab-only Coupang Partners link and paste it here.,
P3,33,dryou-proteinbar-mini-nuts,Dryou Proteinbar Mini Nuts,단백질바 미니 (견과),닥터유,bar,8,https://link.coupang.com/a/fg2zh5XV9w,,,proteinlab,PENDING,has_existing_coupang_url,Issue a new ProteinLab-only Coupang Partners link and paste it here.,
P3,33,dryou-proteinbar-nuts,Dryou Proteinbar Nuts,단백질바 (견과),닥터유,bar,12,https://link.coupang.com/a/fg2gS63kyG,,,proteinlab,PENDING,has_existing_coupang_url,Issue a new ProteinLab-only Coupang Partners link and paste it here.,
P3,33,dryou-proteinbar-pro-bite-choco-classic,Dryou Proteinbar Pro Bite Choco Classic,프로 단백질바 한입쏙 (초코 클래식),닥터유,bar,8.4,https://link.coupang.com/a/fg2ioKPOi4,,,proteinlab,PENDING,has_existing_coupang_url,Issue a new ProteinLab-only Coupang Partners link and paste it here.,
P3,33,gomgom-proteinbar-50,Gomgom Proteinbar 50,단백질바 50g,곰곰,bar,14,https://link.coupang.com/a/fg2HvwlIt2,,,proteinlab,PENDING,has_existing_coupang_url,Issue a new ProteinLab-only Coupang Partners link and paste it here.,
P3,33,gomgom-proteinbar-mini,Gomgom Proteinbar Mini,단백질바 미니,곰곰,bar,2.2,https://link.coupang.com/a/fg2BkG9d3k,,,proteinlab,PENDING,has_existing_coupang_url,Issue a new ProteinLab-only Coupang Partners link and paste it here.,
P3,33,himnaego-protein-bar-dark-chocolate-50,Himnaego Protein Bar Dark Chocolate 50,단백질바 (다크 초콜릿),힘내고,bar,13,https://www.coupang.com/vp/products/7714630927?itemId=20688361215&vendorItemId=87999990294&q=%ED%9E%98%EB%82%B4%EA%B3%A0+%EB%8B%A8%EC%A7%88%EB%B0%94+%28%EB%8B%A4%ED%81%AC+%EC%B4%88%EC%BD%9C%EB%A6%BF%29&searchId=c449fd41844298&sourceType=search&itemsCount=36&searchRank=15&rank=15&traceId=mmylluzq,,,proteinlab,PENDING,has_existing_coupang_url,Issue a new ProteinLab-only Coupang Partners link and paste it here.,
P3,33,hymune-activebar-nuts,Hymune Activebar Nuts,액티브바 (넛츠),하이뮨,bar,12,https://link.coupang.com/a/fg2cJ4hoZg,,,proteinlab,PENDING,has_existing_coupang_url,Issue a new ProteinLab-only Coupang Partners link and paste it here.,
P3,33,hymune-protein-balance-bar,Hymune Protein Balance Bar,프로틴밸런스 단백질바,하이뮨,bar,8,https://link.coupang.com/a/fg2EKN2Ykm,,,proteinlab,PENDING,has_existing_coupang_url,Issue a new ProteinLab-only Coupang Partners link and paste it here.,
P3,33,kellogg-proteinbark-caramel-nuts,Kellogg Proteinbark Caramel Nuts,프로틴바K (카라멜&넛),켈로그,bar,8,https://link.coupang.com/a/fg2yp1YmTk,,,proteinlab,PENDING,has_existing_coupang_url,Issue a new ProteinLab-only Coupang Partners link and paste it here.,
P3,33,kellogg-proteinbark-hazelnut-darkchoco,Kellogg Proteinbark Hazelnut Darkchoco,프로틴바K (헤이즐넛&다크초코),켈로그,bar,8,https://link.coupang.com/a/fg2yp1YmTk,,,proteinlab,PENDING,has_existing_coupang_url,Issue a new ProteinLab-only Coupang Partners link and paste it here.,
P3,33,kellogg-proteinbark-nuts,Kellogg Proteinbark Nuts,프로틴바K (견과),켈로그,bar,8,https://link.coupang.com/a/fg2vSunljo,,,proteinlab,PENDING,has_existing_coupang_url,Issue a new ProteinLab-only Coupang Partners link and paste it here.,
P3,33,labnosh-cookiebar-blackcookie-35,Labnosh Cookiebar Blackcookie 35,단백쿠키바 블랙쿠키,랩노쉬,bar,4,https://link.coupang.com/a/fg2qdoyDpQ,,,proteinlab,PENDING,has_existing_coupang_url,Issue a new ProteinLab-only Coupang Partners link and paste it here.,
P3,33,labnosh-cookiebar-cookie-cream-35,Labnosh Cookiebar Cookie Cream 35,단백쿠키바 쿠키앤크림,랩노쉬,bar,7,https://link.coupang.com/a/fg2rPsrAhU,,,proteinlab,PENDING,has_existing_coupang_url,Issue a new ProteinLab-only Coupang Partners link and paste it here.,
P3,33,labnosh-cookiebar-milktea-35,Labnosh Cookiebar Milktea 35,단백쿠키바 밀크티,랩노쉬,bar,7,https://link.coupang.com/a/fg2ra3wwpg,,,proteinlab,PENDING,has_existing_coupang_url,Issue a new ProteinLab-only Coupang Partners link and paste it here.,
P3,33,labnosh-cookiebar-peanutbutter-35,Labnosh Cookiebar Peanutbutter 35,단백쿠키바 피넛버터,랩노쉬,bar,7,https://link.coupang.com/a/fg2swO2kYS,,,proteinlab,PENDING,has_existing_coupang_url,Issue a new ProteinLab-only Coupang Partners link and paste it here.,
P3,33,lottewellfood-easyprotein-energy-bar,Lottewellfood Easyprotein Energy Bar,이지프로틴 에너지단백질바,롯데웰푸드,bar,9,https://link.coupang.com/a/fg2D9gXEDk,,,proteinlab,PENDING,has_existing_coupang_url,Issue a new ProteinLab-only Coupang Partners link and paste it here.,
P3,33,marketo-nature-oh-granola-proteinbar-40,Marketo Nature Oh Granola Proteinbar 40,오 그래놀라 단백질바 40g,마켓오네이처,bar,6,https://link.coupang.com/a/fg2LOWn92G,,,proteinlab,PENDING,has_existing_coupang_url,Issue a new ProteinLab-only Coupang Partners link and paste it here.,
P3,33,mymil-new-proteinbar,Mymil New Proteinbar,뉴프로틴바,마이밀,bar,12,https://link.coupang.com/a/fg2dxlvoXc,,,proteinlab,PENDING,has_existing_coupang_url,Issue a new ProteinLab-only Coupang Partners link and paste it here.,
P3,33,myprotein-soft-caramel-choco,Myprotein Soft Caramel Choco,소프트 단백질바 (카라멜 초코),마이프로틴,bar,12,https://link.coupang.com/a/fg2eFA6KVE,,,proteinlab,PENDING,has_existing_coupang_url,Issue a new ProteinLab-only Coupang Partners link and paste it here.,
P3,33,myprotein-soft-lemon-earlgrey,Myprotein Soft Lemon Earlgrey,소프트 단백질바 (레몬 얼그레이),마이프로틴,bar,12,https://link.coupang.com/a/fg2d57avQW,,,proteinlab,PENDING,has_existing_coupang_url,Issue a new ProteinLab-only Coupang Partners link and paste it here.,
P3,33,myprotein-soft-strawberry-yogurt,Myprotein Soft Strawberry Yogurt,소프트 단백질바 (딸기 요거트),마이프로틴,bar,12,https://link.coupang.com/a/fg2fgPewxM,,,proteinlab,PENDING,has_existing_coupang_url,Issue a new ProteinLab-only Coupang Partners link and paste it here.,
P3,33,nobrand-proteinbar-mini,Nobrand Proteinbar Mini,단백질바 미니,노브랜드,bar,7,https://link.coupang.com/a/fg2BRZBO4y,,,proteinlab,PENDING,has_existing_coupang_url,Issue a new ProteinLab-only Coupang Partners link and paste it here.,
P3,33,organica-ola-chewy-protein-bar-berry-almond-35,Organica Ola Chewy Protein Bar Berry Almond 35,올라 츄이프로틴바 (베리아몬드),올가니카,bar,9,https://link.coupang.com/a/fg2vkuGroy,,,proteinlab,PENDING,has_existing_coupang_url,Issue a new ProteinLab-only Coupang Partners link and paste it here.,
P3,33,organica-ola-chewy-protein-bar-peanut-cacao-35,Organica Ola Chewy Protein Bar Peanut Cacao 35,올라 츄이프로틴바 (피넛카카오),올가니카,bar,8,https://link.coupang.com/a/fg2Ac4fOx2,,,proteinlab,PENDING,has_existing_coupang_url,Issue a new ProteinLab-only Coupang Partners link and paste it here.,
P3,33,post-proteinbar-mini,Post Proteinbar Mini,단백질바 미니,포스트,bar,3,https://link.coupang.com/a/fg2AN90mC4,,,proteinlab,PENDING,has_existing_coupang_url,Issue a new ProteinLab-only Coupang Partners link and paste it here.,
P3,33,ppaeba-realchoco-proteinbar-cookies-cream-40,Ppaeba Realchoco Proteinbar Cookies Cream 40,리얼초콜릿 프로틴바 쿠키앤크림 40g,빼바,bar,12,https://link.coupang.com/a/fg2J2if8c8,,,proteinlab,PENDING,has_existing_coupang_url,Issue a new ProteinLab-only Coupang Partners link and paste it here.,
P3,33,ppaeba-realchoco-proteinbar-dark-40,Ppaeba Realchoco Proteinbar Dark 40,리얼초콜릿 프로틴바 다크 40g,빼바,bar,12,https://link.coupang.com/a/fg2IbmLplI,,,proteinlab,PENDING,has_existing_coupang_url,Issue a new ProteinLab-only Coupang Partners link and paste it here.,
P3,33,ppaeba-realchoco-proteinbar-greek-yogurt-40,Ppaeba Realchoco Proteinbar Greek Yogurt 40,리얼초콜릿 프로틴바 그릭요거트 40g,빼바,bar,12,https://link.coupang.com/a/fg2KHk8LGm,,,proteinlab,PENDING,has_existing_coupang_url,Issue a new ProteinLab-only Coupang Partners link and paste it here.,
P3,33,ppaeba-realchoco-proteinbar-white-40,Ppaeba Realchoco Proteinbar White 40,리얼초콜릿 프로틴바 화이트 40g,빼바,bar,12,https://link.coupang.com/a/fg2JbiVgYK,,,proteinlab,PENDING,has_existing_coupang_url,Issue a new ProteinLab-only Coupang Partners link and paste it here.,
P3,33,proteinbangatgan-harudanbaekbar-cheeseberry,Proteinbangatgan Harudanbaekbar Cheeseberry,하루단백바 (치즈베리),프로틴방앗간,bar,14,https://link.coupang.com/a/fg157rmiCi,,,proteinlab,PENDING,has_existing_coupang_url,Issue a new ProteinLab-only Coupang Partners link and paste it here.,
P3,33,proteinbangatgan-harudanbaekbar-jetchococake,Proteinbangatgan Harudanbaekbar Jetchococake,하루단백바 (제트초코케이크),프로틴방앗간,bar,12,https://link.coupang.com/a/fg2fSavbyu,,,proteinlab,PENDING,has_existing_coupang_url,Issue a new ProteinLab-only Coupang Partners link and paste it here.,
P3,33,selex-protein-nutsbar,Selex Protein Nutsbar,프로틴 너츠바,셀렉스,bar,12,https://link.coupang.com/a/fg2adLWQqi,,,proteinlab,PENDING,has_existing_coupang_url,Issue a new ProteinLab-only Coupang Partners link and paste it here.,
P3,33,selex-proteinbar-berryoat,Selex Proteinbar Berryoat,프로틴바 베리오트,셀렉스,bar,12,https://link.coupang.com/a/fg19zNImSO,,,proteinlab,PENDING,has_existing_coupang_url,Issue a new ProteinLab-only Coupang Partners link and paste it here.,
P3,33,soyjoy-almond-chocolate-30,Soyjoy Almond Chocolate 30,아몬드&초콜릿 30g,소이조이,bar,5,https://link.coupang.com/a/fg2OdpfFaC,,,proteinlab,PENDING,has_existing_coupang_url,Issue a new ProteinLab-only Coupang Partners link and paste it here.,
P3,33,soyjoy-apple-30,Soyjoy Apple 30,애플 30g,소이조이,bar,4,https://link.coupang.com/a/fg2OTKGCd2,,,proteinlab,PENDING,has_existing_coupang_url,Issue a new ProteinLab-only Coupang Partners link and paste it here.,
P3,33,soyjoy-blueberry-30,Soyjoy Blueberry 30,블루베리 30g,소이조이,bar,4,https://link.coupang.com/a/fg2Mm06zaS,,,proteinlab,PENDING,has_existing_coupang_url,Issue a new ProteinLab-only Coupang Partners link and paste it here.,
P3,33,soyjoy-fruits-baked-cheese-30,Soyjoy Fruits Baked Cheese 30,후르츠&베이크드치즈 30g,소이조이,bar,5,https://link.coupang.com/a/fg2QGkMMZE,,,proteinlab,PENDING,has_existing_coupang_url,Issue a new ProteinLab-only Coupang Partners link and paste it here.,
P3,33,soyjoy-plantbased-banana-25,Soyjoy Plantbased Banana 25,플랜트베이스드 바나나 25g,소이조이,bar,6,https://link.coupang.com/a/fg2P8yq2bQ,,,proteinlab,PENDING,has_existing_coupang_url,Issue a new ProteinLab-only Coupang Partners link and paste it here.,
P3,33,soyjoy-plantbased-macadamia-lemon-25,Soyjoy Plantbased Macadamia Lemon 25,플랜트베이스드 마카다미아&레몬 25g,소이조이,bar,6,https://link.coupang.com/a/fg2PBlV0TY,,,proteinlab,PENDING,has_existing_coupang_url,Issue a new ProteinLab-only Coupang Partners link and paste it here.,
P3,33,soyjoy-strawberry-30,Soyjoy Strawberry 30,스트로베리 30g,소이조이,bar,4,https://link.coupang.com/a/fg2NGUGHGC,,,proteinlab,PENDING,has_existing_coupang_url,Issue a new ProteinLab-only Coupang Partners link and paste it here.,
P3,33,soyjoy-sweetpotato-30,Soyjoy Sweetpotato 30,스위트포테이토 30g,소이조이,bar,4,https://link.coupang.com/a/fg2M5TSzpQ,,,proteinlab,PENDING,has_existing_coupang_url,Issue a new ProteinLab-only Coupang Partners link and paste it here.,
P3,31,greekday-light-100,Greekday Light 100,그릭데이 그릭요거트 라이트 100g,그릭데이,yogurt,11,https://www.coupang.com/vp/products/5463245073?itemId=8368941696&vendorItemId=75656677392&pickType=COU_PICK&q=%EA%B7%B8%EB%A6%AD%EB%8D%B0%EC%9D%B4+%EA%B7%B8%EB%A6%AD%EC%9A%94%EA%B1%B0%ED%8A%B8+%EB%9D%BC%EC%9D%B4%ED%8A%B8+100g&searchId=a32ff01c2611509&sourceType=search&itemsCount=36&searchRank=1&rank=1&traceId=mmyvga5p,,,proteinlab,PENDING,has_existing_coupang_url,Issue a new ProteinLab-only Coupang Partners link and paste it here.,
P3,31,greekday-signature-100,Greekday Signature 100,그릭데이 그릭요거트 시그니처 100g,그릭데이,yogurt,11.42,https://www.coupang.com/vp/products/5463245022?itemId=19225411927&vendorItemId=86342060152&q=그릭데이%20그릭요거트%20시그니처%20100g&searchId=b6f0a23c4529549&sourceType=search&itemsCount=36&searchRank=2&rank=2&traceId=mmyvh19u,,,proteinlab,PENDING,has_existing_coupang_url,Issue a new ProteinLab-only Coupang Partners link and paste it here.,
P3,31,greekday-signature-yuja-100,Greekday Signature Yuja 100,그릭데이 시그니처 유자 100g,그릭데이,yogurt,8,https://www.coupang.com/vp/products/8778213677?itemId=25691946275&vendorItemId=92681114018&q=그릭데이%20시그니처%20유자%20100g&searchId=7d6a64fd4558119&sourceType=search&itemsCount=36&searchRank=0&rank=0&traceId=mmyvhxrr,,,proteinlab,PENDING,has_existing_coupang_url,Issue a new ProteinLab-only Coupang Partners link and paste it here.,
P3,31,lookt-icelandic-mild-100,Lookt Icelandic Mild 100,룩트 아이슬란딕 요거트 마일드 100g,룩트,yogurt,10.6,https://www.coupang.com/vp/products/6970727970?itemId=12021463794&vendorItemId=79293779379&q=%EB%A3%A9%ED%8A%B8+%EC%95%84%EC%9D%B4%EC%8A%AC%EB%9E%80%EB%94%95+%EC%9A%94%EA%B1%B0%ED%8A%B8+%EB%A7%88%EC%9D%BC%EB%93%9C+100g&searchId=bac3f9a54820576&sourceType=search&itemsCount=36&searchRank=1&rank=1&traceId=mmyvpglx,,,proteinlab,PENDING,has_existing_coupang_url,Issue a new ProteinLab-only Coupang Partners link and paste it here.,
P3,31,maeil-bio-greek-delight-banana-80,Maeil Bio Greek Delight Banana 80,매일 바이오 그릭요거트 Delight 바나나 80g,매일 바이오,yogurt,5,https://www.coupang.com/vp/products/8705370880?itemId=25288980987&vendorItemId=92284450185&pickType=COU_PICK&q=%EB%A7%A4%EC%9D%BC+%EB%B0%94%EC%9D%B4%EC%98%A4+%EA%B7%B8%EB%A6%AD%EC%9A%94%EA%B1%B0%ED%8A%B8+Delight+%EB%B0%94%EB%82%98%EB%82%98+80g&searchId=66d47f8e2640493&sourceType=search&itemsCount=36&searchRank=0&rank=0&traceId=mmyvkg18,,,proteinlab,PENDING,has_existing_coupang_url,Issue a new ProteinLab-only Coupang Partners link and paste it here.,
P3,31,maeil-bio-greek-drink-banana-190,Maeil Bio Greek Drink Banana 190,매일 바이오 그릭요거트 Drink 바나나 190mL,매일 바이오,yogurt,8.3,https://www.coupang.com/vp/products/8713507821?itemId=26321435417&vendorItemId=94493433957&q=%EB%A7%A4%EC%9D%BC+%EB%B0%94%EC%9D%B4%EC%98%A4+%EA%B7%B8%EB%A6%AD%EC%9A%94%EA%B1%B0%ED%8A%B8+Drink+%EB%B0%94%EB%82%98%EB%82%98+190mL&searchId=c2ba98724582587&sourceType=search&itemsCount=36&searchRank=2&rank=2&traceId=mmyvmccp,,,proteinlab,PENDING,has_existing_coupang_url,Issue a new ProteinLab-only Coupang Partners link and paste it here.,
P3,31,maeil-bio-greek-drink-plain-190,Maeil Bio Greek Drink Plain 190,매일 바이오 그릭요거트 Drink 플레인 190mL,매일 바이오,yogurt,8.3,https://www.coupang.com/vp/products/8700623501?itemId=25312670423&vendorItemId=92307757067&pickType=COU_PICK&q=매일%20바이오%20그릭요거트%20Drink%20플레인%20190mL&searchId=8ae5a8e83490693&sourceType=search&itemsCount=36&searchRank=3&rank=3&traceId=mmyvm06x,,,proteinlab,PENDING,has_existing_coupang_url,Issue a new ProteinLab-only Coupang Partners link and paste it here.,
P3,31,maeil-bio-greek-plain-150,Maeil Bio Greek Plain 150,매일 바이오 그릭요거트 플레인 150g,매일 바이오,yogurt,9,https://www.coupang.com/vp/products/9281513889?itemId=27479763128&vendorItemId=94444935650&q=%EB%A7%A4%EC%9D%BC+%EB%B0%94%EC%9D%B4%EC%98%A4+%EA%B7%B8%EB%A6%AD%EC%9A%94%EA%B1%B0%ED%8A%B8+%ED%94%8C%EB%A0%88%EC%9D%B8+150g&searchId=f642a3843961587&sourceType=search&itemsCount=36&searchRank=0&rank=0&traceId=mmyvjqhz,,,proteinlab,PENDING,has_existing_coupang_url,Issue a new ProteinLab-only Coupang Partners link and paste it here.,
P3,31,maeil-bio-greek-togo-honey-120,Maeil Bio Greek Togo Honey 120,매일 바이오 그릭요거트 to go 허니 120g,매일 바이오,yogurt,6,https://www.coupang.com/vp/products/8310404657?itemId=28029010707&vendorItemId=94986131697&q=매일%20바이오%20그릭요거트%20to%20go%20허니%20120g&searchId=b31127694087891&sourceType=search&itemsCount=36&searchRank=0&rank=0,,,proteinlab,PENDING,has_existing_coupang_url,Issue a new ProteinLab-only Coupang Partners link and paste it here.,
P3,31,maeil-bio-greek-togo-plain-120,Maeil Bio Greek Togo Plain 120,매일 바이오 그릭요거트 to go 플레인 120g,매일 바이오,yogurt,7,https://www.coupang.com/vp/products/8312114740?itemId=27988823442&vendorItemId=94946464409&q=%EB%A7%A4%EC%9D%BC+%EB%B0%94%EC%9D%B4%EC%98%A4+%EA%B7%B8%EB%A6%AD%EC%9A%94%EA%B1%B0%ED%8A%B8+to+go+%ED%94%8C%EB%A0%88%EC%9D%B8+120g&searchId=df9b57cc4580462&sourceType=search&itemsCount=36&searchRank=0&rank=0&traceId=mmyvks4e,,,proteinlab,PENDING,has_existing_coupang_url,Issue a new ProteinLab-only Coupang Partners link and paste it here.,
P3,31,maeil-bio-greek-unsweetened-150,Maeil Bio Greek Unsweetened 150,매일 바이오 그릭요거트 무가당 플레인 150g,매일 바이오,yogurt,10.5,https://www.coupang.com/vp/products/9281513889?itemId=27479763128&vendorItemId=94444935650&q=%EB%A7%A4%EC%9D%BC+%EB%B0%94%EC%9D%B4%EC%98%A4+%EA%B7%B8%EB%A6%AD%EC%9A%94%EA%B1%B0%ED%8A%B8+%EB%AC%B4%EA%B0%80%EB%8B%B9+%ED%94%8C%EB%A0%88%EC%9D%B8+150g&searchId=7d71663b517872&sourceType=search&itemsCount=36&searchRank=0&rank=0&traceId=mmyvd3ly,,,proteinlab,PENDING,has_existing_coupang_url,Issue a new ProteinLab-only Coupang Partners link and paste it here.,
P3,31,maeil-bio-greek-unsweetened-80,Maeil Bio Greek Unsweetened 80,매일 바이오 그릭요거트 무가당 플레인 80g,매일 바이오,yogurt,5.6,https://www.coupang.com/vp/products/8960395129?itemId=13743166161&vendorItemId=80993989084&pickType=COU_PICK&q=%EB%A7%A4%EC%9D%BC+%EB%B0%94%EC%9D%B4%EC%98%A4+%EA%B7%B8%EB%A6%AD%EC%9A%94%EA%B1%B0%ED%8A%B8+%EB%AC%B4%EA%B0%80%EB%8B%B9+%ED%94%8C%EB%A0%88%EC%9D%B8+80g&searchId=4705e73f4558762&sourceType=search&itemsCount=36&searchRank=0&rank=0&traceId=mmyvj2jh,,,proteinlab,PENDING,has_existing_coupang_url,Issue a new ProteinLab-only Coupang Partners link and paste it here.,
P3,31,pulmuone-dannon-greek-unsweetened-90,Pulmuone Dannon Greek Unsweetened 90,풀무원다논 그릭요거트 무가당 플레인 90g,풀무원다논,yogurt,6.1,https://www.coupang.com/vp/products/1261683219?itemId=19225059882&vendorItemId=86341716285&pickType=COU_PICK&q=%ED%92%80%EB%AC%B4%EC%9B%90%EB%8B%A4%EB%85%BC+%EA%B7%B8%EB%A6%AD%EC%9A%94%EA%B1%B0%ED%8A%B8+%EB%AC%B4%EA%B0%80%EB%8B%B9+%ED%94%8C%EB%A0%88%EC%9D%B8+90g&searchId=958325b44496456&sourceType=search&itemsCount=36&searchRank=2&rank=2&traceId=mmyvdlxw,,,proteinlab,PENDING,has_existing_coupang_url,Issue a new ProteinLab-only Coupang Partners link and paste it here.,
P3,31,sangha-organic-greek-apple-kale-120,Sangha Organic Greek Apple Kale 120,상하목장 유기농 그릭요거트 사과&케일 120g,상하목장,yogurt,7,https://www.coupang.com/vp/products/8310686156?itemId=24017155081&vendorItemId=91037760522&q=상하목장%20유기농%20그릭요거트%20사과&케일%20120g&searchId=bde7f3b74622932&sourceType=search&itemsCount=36&searchRank=0&rank=0&traceId=mmyvomd1,,,proteinlab,PENDING,has_existing_coupang_url,Issue a new ProteinLab-only Coupang Partners link and paste it here.,
P3,31,sangha-organic-greek-blueberry-kale-120,Sangha Organic Greek Blueberry Kale 120,상하목장 유기농 그릭요거트 블루베리&케일 120g,상하목장,yogurt,7,https://www.coupang.com/vp/products/8310686192?itemId=24017155135&vendorItemId=91037760602&pickType=COU_PICK&q=상하목장%20유기농%20그릭요거트%20블루베리&케일%20120g&searchId=5b3db34f4624978&sourceType=search&itemsCount=36&searchRank=0&rank=0&traceId=mmyvovia,,,proteinlab,PENDING,has_existing_coupang_url,Issue a new ProteinLab-only Coupang Partners link and paste it here.,
P3,31,sangha-organic-greek-plain-80,Sangha Organic Greek Plain 80,상하목장 유기농 그릭요거트 플레인 80g,상하목장,yogurt,5.3,https://www.coupang.com/vp/products/8593813433?itemId=24949791853&vendorItemId=91955683918&q=%EC%83%81%ED%95%98%EB%AA%A9%EC%9E%A5+%EC%9C%A0%EA%B8%B0%EB%86%8D+%EA%B7%B8%EB%A6%AD%EC%9A%94%EA%B1%B0%ED%8A%B8+%ED%94%8C%EB%A0%88%EC%9D%B8+80g&searchId=6b2746c6406435&sourceType=search&itemsCount=36&searchRank=2&rank=2&traceId=mmyveq3c,,,proteinlab,PENDING,has_existing_coupang_url,Issue a new ProteinLab-only Coupang Partners link and paste it here.,
P3,31,sangha-organic-greek-unsweetened-80,Sangha Organic Greek Unsweetened 80,상하목장 유기농 그릭요거트 무가당 플레인 80g,상하목장,yogurt,5.5,https://www.coupang.com/vp/products/8593813440?itemId=24949791948&vendorItemId=91955683966&pickType=COU_PICK&q=상하목장%20유기농%20그릭요거트%20무가당%20플레인%2080g&searchId=d1b1b0ff957960&sourceType=search&itemsCount=36&searchRank=0&rank=0&traceId=mmyvdb5a,,,proteinlab,PENDING,has_existing_coupang_url,Issue a new ProteinLab-only Coupang Partners link and paste it here.,
P3,31,who-greek-plain-80,Who Greek Plain 80,후디스 그릭요거트 플레인 80g,후디스,yogurt,4.8,https://www.coupang.com/vp/products/4938428240?itemId=19079285352&vendorItemId=72900492237&q=%ED%9B%84%EB%94%94%EC%8A%A4+%EA%B7%B8%EB%A6%AD%EC%9A%94%EA%B1%B0%ED%8A%B8+%ED%94%8C%EB%A0%88%EC%9D%B8+80g&searchId=d528eb892453370&sourceType=search&itemsCount=36&searchRank=0&rank=0&traceId=mmyvcju2,,,proteinlab,PENDING,has_existing_coupang_url,Issue a new ProteinLab-only Coupang Partners link and paste it here.,
P3,31,yozm-choco-cranola-120,Yozm Choco Cranola 120,YOZM 그릭요거트 초코 크래놀라 120g,YOZM,yogurt,8,https://www.coupang.com/vp/products/8603770365?itemId=24990321066&vendorItemId=91995694303&q=YOZM%20%EA%B7%B8%EB%A6%AD%EC%9A%94%EA%B1%B0%ED%8A%B8%20%EC%B4%88%EC%BD%94%20%ED%81%AC%EB%9E%98%EB%86%80%EB%9D%BC%20120g&searchId=d66fe5352431002&sourceType=search&itemsCount=36&searchRank=2&rank=2&traceId=mn8nkska,,,proteinlab,PENDING,has_existing_coupang_url,Issue a new ProteinLab-only Coupang Partners link and paste it here.,
P3,31,yozm-crispy-granola-120,Yozm Crispy Granola 120,YOZM 그릭요거트 크리스피 그래놀라 120g,YOZM,yogurt,10,https://www.coupang.com/vp/products/6919833096?itemId=19233868128&vendorItemId=86350321522&q=YOZM%20그릭요거트%20크리스피%20그래놀라%20120g&searchId=cd8615c42441301&sourceType=search&itemsCount=36&searchRank=2&rank=2&traceId=mn8nlify,,,proteinlab,PENDING,has_existing_coupang_url,Issue a new ProteinLab-only Coupang Partners link and paste it here.,
BACKLOG,38,myprotein-6layer-triple-chocolate-fudge-60,Myprotein 6layer Triple Chocolate Fudge 60,6 레이어 프로틴바 (트리플 초콜릿 퍼지),마이프로틴,bar,20,,,,proteinlab,PENDING,ultra_high_protein,"Find the Coupang product page first, then issue a ProteinLab-only Partners link.",
BACKLOG,27,7eleven-junghoo-choco-protein-330,7eleven Junghoo Choco Protein 330,이정후 프로틴 (초콜릿),세븐일레븐,drink,33,,,,proteinlab,PENDING,high_protein,"Find the Coupang product page first, then issue a ProteinLab-only Partners link.",
BACKLOG,27,7eleven-junghoo-vanilla-protein-330,7eleven Junghoo Vanilla Protein 330,이정후 프로틴 (바닐라),세븐일레븐,drink,33,,,,proteinlab,PENDING,high_protein,"Find the Coupang product page first, then issue a ProteinLab-only Partners link.",
BACKLOG,12,mymil-furotein-goguma-250,Mymil Furotein Goguma 250,퓨로틴 (고구마맛),마이밀,drink,20,,,,proteinlab,PENDING,,"Find the Coupang product page first, then issue a ProteinLab-only Partners link.",
BACKLOG,12,mymil-furotein-gosohan-250,Mymil Furotein Gosohan 250,퓨로틴 (고소한맛),마이밀,drink,20,,,,proteinlab,PENDING,,"Find the Coupang product page first, then issue a ProteinLab-only Partners link.",
BACKLOG,12,oneuldanbaek-caramel-latte-250,Oneuldanbaek Caramel Latte 250,오늘단백 (카라멜라떼),오늘단백,drink,21,,,,proteinlab,PENDING,,"Find the Coupang product page first, then issue a ProteinLab-only Partners link.",
BACKLOG,12,oneuldanbaek-choco-latte-250,Oneuldanbaek Choco Latte 250,오늘단백 (초코라떼),오늘단백,drink,21,,,,proteinlab,PENDING,,"Find the Coupang product page first, then issue a ProteinLab-only Partners link.",
BACKLOG,12,oneuldanbaek-dolce-latte-250,Oneuldanbaek Dolce Latte 250,오늘단백 (돌체라떼),오늘단백,drink,21,,,,proteinlab,PENDING,,"Find the Coupang product page first, then issue a ProteinLab-only Partners link.",
BACKLOG,12,sellex-profit-whey-protein-americano-330,Sellex Profit Whey Protein Americano 330,프로틴 웨이프로핏 (아메리카노),셀렉스,drink,20,,,,proteinlab,PENDING,,"Find the Coupang product page first, then issue a ProteinLab-only Partners link.",
BACKLOG,12,seoulmilk-protein-energy-coffee-240,Seoulmilk Protein Energy Coffee 240,프로틴 에너지 (커피),서울우유,drink,21,,,,proteinlab,PENDING,,"Find the Coupang product page first, then issue a ProteinLab-only Partners link.",
BACKLOG,8,crown-highprotein-chocobar,Crown Highprotein Chocobar,고단백질초코바,크라운,bar,10,,,,proteinlab,PENDING,,"Find the Coupang product page first, then issue a ProteinLab-only Partners link.",
BACKLOG,8,kellogg-protein-granolabar-savory,Kellogg Protein Granolabar Savory,프로틴 그래놀라바 (고소한맛),켈로그,bar,8,,,,proteinlab,PENDING,,"Find the Coupang product page first, then issue a ProteinLab-only Partners link.",
BACKLOG,8,labnosh-foodbar-mildchoco,Labnosh Foodbar Mildchoco,푸드바 마일드 초코,랩노쉬,bar,11,,,,proteinlab,PENDING,,"Find the Coupang product page first, then issue a ProteinLab-only Partners link.",
BACKLOG,8,nobrand-proteinbar-choco,Nobrand Proteinbar Choco,단백질바 초코,노브랜드,bar,12,,,,proteinlab,PENDING,,"Find the Coupang product page first, then issue a ProteinLab-only Partners link.",
BACKLOG,6,yoplait-protein-blueberry-100,Yoplait Protein Blueberry 100,요플레 프로틴 블루베리 떠먹는 요구르트 100g,요플레,yogurt,9,,,,proteinlab,PENDING,,"Find the Coupang product page first, then issue a ProteinLab-only Partners link.",
BACKLOG,6,yoplait-protein-plain-100,Yoplait Protein Plain 100,요플레 프로틴 플레인 떠먹는 요구르트 100g,요플레,yogurt,10.4,,,,proteinlab,PENDING,,"Find the Coupang product page first, then issue a ProteinLab-only Partners link.",
